{
  "correctness": {
    "max_abs_diff": 43.971099853515625,
    "max_rel_diff_vs_fp32_ref": 0.12601390447590768
  },
  "device": {
    "capability": "10.0",
    "name": "NVIDIA GB200",
    "use_ue8m0": true
  },
  "iters": 30,
  "quantization": {
    "gran_k_a": 128,
    "gran_k_b": 32,
    "recipe_a": [
      1,
      128
    ],
    "recipe_b": [
      1,
      32
    ]
  },
  "results": {
    "deepgemm_fp8_fp4": {
      "avg_ms": 0.08740053375562032,
      "avg_tflops": 1572.5184683229918,
      "p50_ms": 0.08566399663686752,
      "p50_tflops": 1604.395765640123,
      "p99_ms": 0.0952640026807785,
      "p99_tflops": 1442.7165519440343
    },
    "deepgemm_over_torch_bf16_speedup": 1.337254989636425,
    "torch_bf16_baseline": {
      "avg_ms": 0.11687679986159007,
      "avg_tflops": 1175.9301558115933,
      "p50_ms": 0.11503999680280685,
      "p50_tflops": 1194.705817904253,
      "p99_ms": 0.13087999820709229,
      "p99_tflops": 1050.114267686109
    }
  },
  "seed": 0,
  "shape": {
    "k": 4096,
    "m": 4096,
    "n": 4096
  },
  "status": "ok",
  "timestamp": "2026-02-09T22:13:52+0000",
  "warmup": 10
}