{
  "correctness": {
    "max_abs_diff": 43.971099853515625,
    "max_rel_diff_vs_fp32_ref": 0.12601390447590768
  },
  "device": {
    "capability": "10.0",
    "name": "NVIDIA GB200",
    "use_ue8m0": true
  },
  "iters": 30,
  "quantization": {
    "gran_k_a": 128,
    "gran_k_b": 32,
    "recipe_a": [
      1,
      128
    ],
    "recipe_b": [
      1,
      32
    ]
  },
  "results": {
    "deepgemm_fp8_fp4": {
      "avg_ms": 0.10005439991752306,
      "avg_tflops": 1373.6422744556342,
      "p50_ms": 0.09529600292444229,
      "p50_tflops": 1442.2320900591365,
      "p99_ms": 0.15030400454998016,
      "p99_tflops": 914.4064649741106
    },
    "deepgemm_over_torch_bf16_speedup": 1.1853285086340788,
    "torch_bf16_baseline": {
      "avg_ms": 0.1185973326365153,
      "avg_tflops": 1158.8705278324574,
      "p50_ms": 0.11721599847078323,
      "p50_tflops": 1172.5272596322031,
      "p99_ms": 0.12918399274349213,
      "p99_tflops": 1063.9008018965549
    }
  },
  "seed": 0,
  "shape": {
    "k": 4096,
    "m": 4096,
    "n": 4096
  },
  "status": "ok",
  "timestamp": "2026-02-09T22:14:10+0000",
  "warmup": 10
}