{
  "correctness": {
    "max_abs_diff": 43.971099853515625,
    "max_rel_diff_vs_fp32_ref": 0.12601390447590768
  },
  "device": {
    "capability": "10.0",
    "name": "NVIDIA GB200",
    "use_ue8m0": true
  },
  "iters": 30,
  "quantization": {
    "gran_k_a": 128,
    "gran_k_b": 32,
    "recipe_a": [
      1,
      128
    ],
    "recipe_b": [
      1,
      32
    ]
  },
  "results": {
    "deepgemm_fp8_fp4": {
      "avg_ms": 0.08914880007505417,
      "avg_tflops": 1541.6803519092848,
      "p50_ms": 0.08771199733018875,
      "p50_tflops": 1566.934486221034,
      "p99_ms": 0.100832000374794,
      "p99_tflops": 1363.0489622454918
    },
    "deepgemm_over_torch_bf16_speedup": 1.2994603790397183,
    "torch_bf16_baseline": {
      "avg_ms": 0.11584533353646596,
      "avg_tflops": 1186.40042957567,
      "p50_ms": 0.11468800157308578,
      "p50_tflops": 1198.3725549914302,
      "p99_ms": 0.1292160004377365,
      "p99_tflops": 1063.637266332398
    }
  },
  "seed": 0,
  "shape": {
    "k": 4096,
    "m": 4096,
    "n": 4096
  },
  "status": "ok",
  "timestamp": "2026-02-09T22:15:03+0000",
  "warmup": 10
}