{
  "correctness": {
    "max_abs_diff": 43.971099853515625,
    "max_rel_diff_vs_fp32_ref": 0.12601390447590768
  },
  "device": {
    "capability": "10.0",
    "name": "NVIDIA GB200",
    "use_ue8m0": true
  },
  "iters": 30,
  "quantization": {
    "gran_k_a": 128,
    "gran_k_b": 32,
    "recipe_a": [
      1,
      128
    ],
    "recipe_b": [
      1,
      32
    ]
  },
  "results": {
    "deepgemm_fp8_fp4": {
      "avg_ms": 0.08874026636282603,
      "avg_tflops": 1548.7777883161077,
      "p50_ms": 0.08614400029182434,
      "p50_tflops": 1595.455899498597,
      "p99_ms": 0.09731200337409973,
      "p99_tflops": 1412.3535505033117
    },
    "deepgemm_over_torch_bf16_speedup": 1.3265860573843327,
    "torch_bf16_baseline": {
      "avg_ms": 0.1177216000854969,
      "avg_tflops": 1167.491381124476,
      "p50_ms": 0.11683200299739838,
      "p50_tflops": 1176.3810424020592,
      "p99_ms": 0.12966400384902954,
      "p99_tflops": 1059.9622824544506
    }
  },
  "seed": 0,
  "shape": {
    "k": 4096,
    "m": 4096,
    "n": 4096
  },
  "status": "ok",
  "timestamp": "2026-02-09T22:14:27+0000",
  "warmup": 10
}