{
  "correctness": {
    "max_abs_diff": 43.971099853515625,
    "max_rel_diff_vs_fp32_ref": 0.12601390447590768
  },
  "device": {
    "capability": "10.0",
    "name": "NVIDIA GB200",
    "use_ue8m0": true
  },
  "iters": 30,
  "quantization": {
    "gran_k_a": 128,
    "gran_k_b": 32,
    "recipe_a": [
      1,
      128
    ],
    "recipe_b": [
      1,
      32
    ]
  },
  "results": {
    "deepgemm_fp8_fp4": {
      "avg_ms": 0.0888298677901427,
      "avg_tflops": 1547.2155581351813,
      "p50_ms": 0.08627200126647949,
      "p50_tflops": 1593.0887362572537,
      "p99_ms": 0.10803200304508209,
      "p99_tflops": 1272.205916747154
    },
    "deepgemm_over_torch_bf16_speedup": 1.3403419602111675,
    "torch_bf16_baseline": {
      "avg_ms": 0.11906239911913871,
      "avg_tflops": 1154.3438943681367,
      "p50_ms": 0.11801599711179733,
      "p50_tflops": 1164.5790133163318,
      "p99_ms": 0.12671999633312225,
      "p99_tflops": 1084.5877323946545
    }
  },
  "seed": 0,
  "shape": {
    "k": 4096,
    "m": 4096,
    "n": 4096
  },
  "status": "ok",
  "timestamp": "2026-02-09T22:13:34+0000",
  "warmup": 10
}