{
  "correctness": {
    "max_abs_diff": 43.971099853515625,
    "max_rel_diff_vs_fp32_ref": 0.12601390447590768
  },
  "device": {
    "capability": "10.0",
    "name": "NVIDIA GB200",
    "use_ue8m0": true
  },
  "iters": 30,
  "quantization": {
    "gran_k_a": 128,
    "gran_k_b": 32,
    "recipe_a": [
      1,
      128
    ],
    "recipe_b": [
      1,
      32
    ]
  },
  "results": {
    "deepgemm_fp8_fp4": {
      "avg_ms": 0.10060693298776945,
      "avg_tflops": 1366.0982338931665,
      "p50_ms": 0.09507200121879578,
      "p50_tflops": 1445.6301719756823,
      "p99_ms": 0.1358720064163208,
      "p99_tflops": 1011.5325231223712
    },
    "deepgemm_over_torch_bf16_speedup": 1.1977014251985894,
    "torch_bf16_baseline": {
      "avg_ms": 0.12049706702431043,
      "avg_tflops": 1140.59999024102,
      "p50_ms": 0.11984000355005264,
      "p50_tflops": 1146.853716627244,
      "p99_ms": 0.12758399546146393,
      "p99_tflops": 1077.2429016264248
    }
  },
  "seed": 0,
  "shape": {
    "k": 4096,
    "m": 4096,
    "n": 4096
  },
  "status": "ok",
  "timestamp": "2026-02-09T22:14:45+0000",
  "warmup": 10
}