{
  "correctness": {
    "max_abs_diff": 43.971099853515625,
    "max_rel_diff_vs_fp32_ref": 0.12601390447590768
  },
  "device": {
    "capability": "10.0",
    "name": "NVIDIA B200",
    "use_ue8m0": true
  },
  "iters": 30,
  "quantization": {
    "gran_k_a": 128,
    "gran_k_b": 32,
    "recipe_a": [
      1,
      128
    ],
    "recipe_b": [
      1,
      32
    ]
  },
  "results": {
    "deepgemm_fp8_fp4": {
      "avg_ms": 0.11457920049627622,
      "avg_tflops": 1199.5104947207822,
      "p50_ms": 0.11347199976444244,
      "p50_tflops": 1211.2146939977333,
      "p99_ms": 0.12326399981975555,
      "p99_tflops": 1114.99670360342
    },
    "deepgemm_over_torch_bf16_speedup": 1.3224040684398801,
    "torch_bf16_baseline": {
      "avg_ms": 0.1515200008948644,
      "avg_tflops": 907.0680613799967,
      "p50_ms": 0.15027199685573578,
      "p50_tflops": 914.6012320841403,
      "p99_ms": 0.15929600596427917,
      "p99_tflops": 862.789701725601
    }
  },
  "seed": 0,
  "shape": {
    "k": 4096,
    "m": 4096,
    "n": 4096
  },
  "status": "ok",
  "timestamp": "2026-03-08T08:26:53+0000",
  "warmup": 10
}