{
  "correctness": {
    "max_abs_diff": 43.971099853515625,
    "max_rel_diff_vs_fp32_ref": 0.12601390447590768
  },
  "device": {
    "capability": "10.0",
    "name": "NVIDIA B200",
    "use_ue8m0": true
  },
  "iters": 30,
  "quantization": {
    "gran_k_a": 128,
    "gran_k_b": 32,
    "recipe_a": [
      1,
      128
    ],
    "recipe_b": [
      1,
      32
    ]
  },
  "results": {
    "deepgemm_fp8_fp4": {
      "avg_ms": 0.11648639912406604,
      "avg_tflops": 1179.8712511116257,
      "p50_ms": 0.1143679991364479,
      "p50_tflops": 1201.7256095214805,
      "p99_ms": 0.13446399569511414,
      "p99_tflops": 1022.1245677068181
    },
    "deepgemm_over_torch_bf16_speedup": 1.3104408200309572,
    "torch_bf16_baseline": {
      "avg_ms": 0.15264853239059448,
      "avg_tflops": 900.3621018793915,
      "p50_ms": 0.15193599462509155,
      "p50_tflops": 904.5845509560547,
      "p99_ms": 0.16383999586105347,
      "p99_tflops": 838.8608211914068
    }
  },
  "seed": 0,
  "shape": {
    "k": 4096,
    "m": 4096,
    "n": 4096
  },
  "status": "ok",
  "timestamp": "2026-03-08T08:26:05+0000",
  "warmup": 10
}