{
  "correctness": {
    "max_abs_diff": 43.971099853515625,
    "max_rel_diff_vs_fp32_ref": 0.12601390447590768
  },
  "device": {
    "capability": "10.0",
    "name": "NVIDIA B200",
    "use_ue8m0": true
  },
  "iters": 30,
  "quantization": {
    "gran_k_a": 128,
    "gran_k_b": 32,
    "recipe_a": [
      1,
      128
    ],
    "recipe_b": [
      1,
      32
    ]
  },
  "results": {
    "deepgemm_fp8_fp4": {
      "avg_ms": 0.11543679957588514,
      "avg_tflops": 1190.599132832431,
      "p50_ms": 0.11324799805879593,
      "p50_tflops": 1213.610446346651,
      "p99_ms": 0.12880000472068787,
      "p99_tflops": 1067.072581014623
    },
    "deepgemm_over_torch_bf16_speedup": 1.3135684107312429,
    "torch_bf16_baseline": {
      "avg_ms": 0.15163413335879644,
      "avg_tflops": 906.3853264936871,
      "p50_ms": 0.1502400040626526,
      "p50_tflops": 914.7959914503575,
      "p99_ms": 0.15663999319076538,
      "p99_tflops": 877.4193018804513
    }
  },
  "seed": 0,
  "shape": {
    "k": 4096,
    "m": 4096,
    "n": 4096
  },
  "status": "ok",
  "timestamp": "2026-03-08T08:26:29+0000",
  "warmup": 10
}