{
  "fio version" : "fio-3.36",
  "timestamp" : 1772959173,
  "timestamp_ms" : 1772959173865,
  "time" : "Sun Mar  8 08:39:33 2026",
  "jobs" : [
    {
      "jobname" : "rand_write_r3",
      "groupid" : 0,
      "job_start" : 1772959140782,
      "error" : 0,
      "eta" : 0,
      "elapsed" : 34,
      "job options" : {
        "name" : "rand_write_r3",
        "directory" : "/tmp/aisp_fio_2026-03-08_localhost_modern_profile_r32_full20b_localhost",
        "ioengine" : "libaio",
        "direct" : "1",
        "rw" : "randwrite",
        "bs" : "4K",
        "size" : "8G",
        "numjobs" : "4",
        "runtime" : "30",
        "unlink" : "1",
        "iodepth" : "64"
      },
      "read" : {
        "io_bytes" : 0,
        "io_kbytes" : 0,
        "bw_bytes" : 0,
        "bw" : 0,
        "iops" : 0.000000,
        "runtime" : 0,
        "total_ios" : 0,
        "short_ios" : 0,
        "drop_ios" : 0,
        "slat_ns" : {
          "min" : 0,
          "max" : 0,
          "mean" : 0.000000,
          "stddev" : 0.000000,
          "N" : 0
        },
        "clat_ns" : {
          "min" : 0,
          "max" : 0,
          "mean" : 0.000000,
          "stddev" : 0.000000,
          "N" : 0
        },
        "lat_ns" : {
          "min" : 0,
          "max" : 0,
          "mean" : 0.000000,
          "stddev" : 0.000000,
          "N" : 0
        },
        "bw_min" : 0,
        "bw_max" : 0,
        "bw_agg" : 0.000000,
        "bw_mean" : 0.000000,
        "bw_dev" : 0.000000,
        "bw_samples" : 0,
        "iops_min" : 0,
        "iops_max" : 0,
        "iops_mean" : 0.000000,
        "iops_stddev" : 0.000000,
        "iops_samples" : 0
      },
      "write" : {
        "io_bytes" : 3707297792,
        "io_kbytes" : 3620408,
        "bw_bytes" : 123272520,
        "bw" : 120383,
        "iops" : 30095.830285,
        "runtime" : 30074,
        "total_ios" : 905102,
        "short_ios" : 0,
        "drop_ios" : 0,
        "slat_ns" : {
          "min" : 2679,
          "max" : 228324001,
          "mean" : 37694.086576,
          "stddev" : 1326384.630858,
          "N" : 905102
        },
        "clat_ns" : {
          "min" : 751902,
          "max" : 289090125,
          "mean" : 8462668.894446,
          "stddev" : 12003015.692475,
          "N" : 905102,
          "percentile" : {
            "1.000000" : 3653632,
            "5.000000" : 5144576,
            "10.000000" : 5406720,
            "20.000000" : 5734400,
            "30.000000" : 5931008,
            "40.000000" : 6193152,
            "50.000000" : 6455296,
            "60.000000" : 6848512,
            "70.000000" : 7766016,
            "80.000000" : 8454144,
            "90.000000" : 9109504,
            "95.000000" : 9764864,
            "99.000000" : 66846720,
            "99.500000" : 77070336,
            "99.900000" : 185597952,
            "99.950000" : 227540992,
            "99.990000" : 233832448
          }
        },
        "lat_ns" : {
          "min" : 767246,
          "max" : 289103432,
          "mean" : 8500362.981022,
          "stddev" : 12071434.369377,
          "N" : 905102
        },
        "bw_min" : 64776,
        "bw_max" : 171600,
        "bw_agg" : 100.000000,
        "bw_mean" : 120701.837288,
        "bw_dev" : 5793.499538,
        "bw_samples" : 239,
        "iops_min" : 16194,
        "iops_max" : 42900,
        "iops_mean" : 30175.459322,
        "iops_stddev" : 1448.374884,
        "iops_samples" : 239
      },
      "trim" : {
        "io_bytes" : 0,
        "io_kbytes" : 0,
        "bw_bytes" : 0,
        "bw" : 0,
        "iops" : 0.000000,
        "runtime" : 0,
        "total_ios" : 0,
        "short_ios" : 0,
        "drop_ios" : 0,
        "slat_ns" : {
          "min" : 0,
          "max" : 0,
          "mean" : 0.000000,
          "stddev" : 0.000000,
          "N" : 0
        },
        "clat_ns" : {
          "min" : 0,
          "max" : 0,
          "mean" : 0.000000,
          "stddev" : 0.000000,
          "N" : 0
        },
        "lat_ns" : {
          "min" : 0,
          "max" : 0,
          "mean" : 0.000000,
          "stddev" : 0.000000,
          "N" : 0
        },
        "bw_min" : 0,
        "bw_max" : 0,
        "bw_agg" : 0.000000,
        "bw_mean" : 0.000000,
        "bw_dev" : 0.000000,
        "bw_samples" : 0,
        "iops_min" : 0,
        "iops_max" : 0,
        "iops_mean" : 0.000000,
        "iops_stddev" : 0.000000,
        "iops_samples" : 0
      },
      "sync" : {
        "total_ios" : 0,
        "lat_ns" : {
          "min" : 0,
          "max" : 0,
          "mean" : 0.000000,
          "stddev" : 0.000000,
          "N" : 0
        }
      },
      "job_runtime" : 120230,
      "usr_cpu" : 1.518756,
      "sys_cpu" : 14.246028,
      "ctx" : 200169,
      "majf" : 0,
      "minf" : 44,
      "iodepth_level" : {
        "1" : 0.100000,
        "2" : 0.100000,
        "4" : 0.100000,
        "8" : 0.100000,
        "16" : 0.100000,
        "32" : 0.100000,
        ">=64" : 99.972158
      },
      "iodepth_submit" : {
        "0" : 0.000000,
        "4" : 100.000000,
        "8" : 0.000000,
        "16" : 0.000000,
        "32" : 0.000000,
        "64" : 0.000000,
        ">=64" : 0.000000
      },
      "iodepth_complete" : {
        "0" : 0.000000,
        "4" : 99.999558,
        "8" : 0.000000,
        "16" : 0.000000,
        "32" : 0.000000,
        "64" : 0.100000,
        ">=64" : 0.000000
      },
      "latency_ns" : {
        "2" : 0.000000,
        "4" : 0.000000,
        "10" : 0.000000,
        "20" : 0.000000,
        "50" : 0.000000,
        "100" : 0.000000,
        "250" : 0.000000,
        "500" : 0.000000,
        "750" : 0.000000,
        "1000" : 0.000000
      },
      "latency_us" : {
        "2" : 0.000000,
        "4" : 0.000000,
        "10" : 0.000000,
        "20" : 0.000000,
        "50" : 0.000000,
        "100" : 0.000000,
        "250" : 0.000000,
        "500" : 0.000000,
        "750" : 0.000000,
        "1000" : 0.010000
      },
      "latency_ms" : {
        "2" : 0.324162,
        "4" : 0.855594,
        "10" : 94.584146,
        "20" : 1.842997,
        "50" : 0.298972,
        "100" : 1.772397,
        "250" : 0.315545,
        "500" : 0.010000,
        "750" : 0.000000,
        "1000" : 0.000000,
        "2000" : 0.000000,
        ">=2000" : 0.000000
      },
      "latency_depth" : 64,
      "latency_target" : 0,
      "latency_percentile" : 100.000000,
      "latency_window" : 0
    }
  ],
  "disk_util" : [
    {
      "name" : "vda",
      "read_ios" : 0,
      "write_ios" : 930712,
      "read_sectors" : 0,
      "write_sectors" : 9996928,
      "read_merges" : 0,
      "write_merges" : 318957,
      "read_ticks" : 0,
      "write_ticks" : 6125116,
      "in_queue" : 6126594,
      "util" : 64.717863
    }
  ]
}
