{
  "fio version" : "fio-3.36",
  "timestamp" : 1772958940,
  "timestamp_ms" : 1772958940613,
  "time" : "Sun Mar  8 08:35:40 2026",
  "jobs" : [
    {
      "jobname" : "rand_read_r2",
      "groupid" : 0,
      "job_start" : 1772958910580,
      "error" : 0,
      "eta" : 0,
      "elapsed" : 31,
      "job options" : {
        "name" : "rand_read_r2",
        "directory" : "/tmp/aisp_fio_2026-03-08_localhost_modern_profile_r32_full20b_localhost",
        "ioengine" : "libaio",
        "direct" : "1",
        "rw" : "randread",
        "bs" : "4K",
        "size" : "8G",
        "numjobs" : "4",
        "runtime" : "30",
        "unlink" : "1",
        "iodepth" : "64"
      },
      "read" : {
        "io_bytes" : 6026371072,
        "io_kbytes" : 5885128,
        "bw_bytes" : 200852255,
        "bw" : 196144,
        "iops" : 49036.195174,
        "runtime" : 30004,
        "total_ios" : 1471282,
        "short_ios" : 0,
        "drop_ios" : 0,
        "slat_ns" : {
          "min" : 903,
          "max" : 318033,
          "mean" : 4035.960984,
          "stddev" : 6869.442880,
          "N" : 1471282
        },
        "clat_ns" : {
          "min" : 660739,
          "max" : 210803212,
          "mean" : 5215436.471288,
          "stddev" : 1090857.263398,
          "N" : 1471282,
          "percentile" : {
            "1.000000" : 2932736,
            "5.000000" : 3981312,
            "10.000000" : 4292608,
            "20.000000" : 4620288,
            "30.000000" : 4882432,
            "40.000000" : 5013504,
            "50.000000" : 5210112,
            "60.000000" : 5341184,
            "70.000000" : 5472256,
            "80.000000" : 5734400,
            "90.000000" : 6062080,
            "95.000000" : 6455296,
            "99.000000" : 8159232,
            "99.500000" : 9109504,
            "99.900000" : 11206656,
            "99.950000" : 13172736,
            "99.990000" : 32112640
          }
        },
        "lat_ns" : {
          "min" : 664913,
          "max" : 210805153,
          "mean" : 5219472.432271,
          "stddev" : 1090989.893084,
          "N" : 1471282
        },
        "bw_min" : 183728,
        "bw_max" : 204792,
        "bw_agg" : 100.000000,
        "bw_mean" : 196366.152542,
        "bw_dev" : 1121.238016,
        "bw_samples" : 236,
        "iops_min" : 45932,
        "iops_max" : 51198,
        "iops_mean" : 49091.440678,
        "iops_stddev" : 280.305297,
        "iops_samples" : 236
      },
      "write" : {
        "io_bytes" : 0,
        "io_kbytes" : 0,
        "bw_bytes" : 0,
        "bw" : 0,
        "iops" : 0.000000,
        "runtime" : 0,
        "total_ios" : 0,
        "short_ios" : 0,
        "drop_ios" : 0,
        "slat_ns" : {
          "min" : 0,
          "max" : 0,
          "mean" : 0.000000,
          "stddev" : 0.000000,
          "N" : 0
        },
        "clat_ns" : {
          "min" : 0,
          "max" : 0,
          "mean" : 0.000000,
          "stddev" : 0.000000,
          "N" : 0
        },
        "lat_ns" : {
          "min" : 0,
          "max" : 0,
          "mean" : 0.000000,
          "stddev" : 0.000000,
          "N" : 0
        },
        "bw_min" : 0,
        "bw_max" : 0,
        "bw_agg" : 0.000000,
        "bw_mean" : 0.000000,
        "bw_dev" : 0.000000,
        "bw_samples" : 0,
        "iops_min" : 0,
        "iops_max" : 0,
        "iops_mean" : 0.000000,
        "iops_stddev" : 0.000000,
        "iops_samples" : 0
      },
      "trim" : {
        "io_bytes" : 0,
        "io_kbytes" : 0,
        "bw_bytes" : 0,
        "bw" : 0,
        "iops" : 0.000000,
        "runtime" : 0,
        "total_ios" : 0,
        "short_ios" : 0,
        "drop_ios" : 0,
        "slat_ns" : {
          "min" : 0,
          "max" : 0,
          "mean" : 0.000000,
          "stddev" : 0.000000,
          "N" : 0
        },
        "clat_ns" : {
          "min" : 0,
          "max" : 0,
          "mean" : 0.000000,
          "stddev" : 0.000000,
          "N" : 0
        },
        "lat_ns" : {
          "min" : 0,
          "max" : 0,
          "mean" : 0.000000,
          "stddev" : 0.000000,
          "N" : 0
        },
        "bw_min" : 0,
        "bw_max" : 0,
        "bw_agg" : 0.000000,
        "bw_mean" : 0.000000,
        "bw_dev" : 0.000000,
        "bw_samples" : 0,
        "iops_min" : 0,
        "iops_max" : 0,
        "iops_mean" : 0.000000,
        "iops_stddev" : 0.000000,
        "iops_samples" : 0
      },
      "sync" : {
        "total_ios" : 0,
        "lat_ns" : {
          "min" : 0,
          "max" : 0,
          "mean" : 0.000000,
          "stddev" : 0.000000,
          "N" : 0
        }
      },
      "job_runtime" : 120012,
      "usr_cpu" : 2.972203,
      "sys_cpu" : 8.664967,
      "ctx" : 595588,
      "majf" : 0,
      "minf" : 301,
      "iodepth_level" : {
        "1" : 0.100000,
        "2" : 0.100000,
        "4" : 0.100000,
        "8" : 0.100000,
        "16" : 0.100000,
        "32" : 0.100000,
        ">=64" : 99.982872
      },
      "iodepth_submit" : {
        "0" : 0.000000,
        "4" : 100.000000,
        "8" : 0.000000,
        "16" : 0.000000,
        "32" : 0.000000,
        "64" : 0.000000,
        ">=64" : 0.000000
      },
      "iodepth_complete" : {
        "0" : 0.000000,
        "4" : 99.999728,
        "8" : 0.000000,
        "16" : 0.000000,
        "32" : 0.000000,
        "64" : 0.100000,
        ">=64" : 0.000000
      },
      "latency_ns" : {
        "2" : 0.000000,
        "4" : 0.000000,
        "10" : 0.000000,
        "20" : 0.000000,
        "50" : 0.000000,
        "100" : 0.000000,
        "250" : 0.000000,
        "500" : 0.000000,
        "750" : 0.000000,
        "1000" : 0.000000
      },
      "latency_us" : {
        "2" : 0.000000,
        "4" : 0.000000,
        "10" : 0.000000,
        "20" : 0.000000,
        "50" : 0.000000,
        "100" : 0.000000,
        "250" : 0.000000,
        "500" : 0.000000,
        "750" : 0.010000,
        "1000" : 0.010000
      },
      "latency_ms" : {
        "2" : 0.128731,
        "4" : 5.079244,
        "10" : 94.544961,
        "20" : 0.221779,
        "50" : 0.020254,
        "100" : 0.010000,
        "250" : 0.010000,
        "500" : 0.000000,
        "750" : 0.000000,
        "1000" : 0.000000,
        "2000" : 0.000000,
        ">=2000" : 0.000000
      },
      "latency_depth" : 64,
      "latency_target" : 0,
      "latency_percentile" : 100.000000,
      "latency_window" : 0
    }
  ],
  "disk_util" : [
    {
      "name" : "vda",
      "read_ios" : 1462376,
      "write_ios" : 147,
      "read_sectors" : 11699008,
      "write_sectors" : 4664,
      "read_merges" : 0,
      "write_merges" : 414,
      "read_ticks" : 7585064,
      "write_ticks" : 1132,
      "in_queue" : 7586215,
      "util" : 90.319558
    }
  ]
}
