{
  "fio version" : "fio-3.36",
  "timestamp" : 1772958741,
  "timestamp_ms" : 1772958741503,
  "time" : "Sun Mar  8 08:32:21 2026",
  "jobs" : [
    {
      "jobname" : "rand_read_r1",
      "groupid" : 0,
      "job_start" : 1772958711455,
      "error" : 0,
      "eta" : 0,
      "elapsed" : 31,
      "job options" : {
        "name" : "rand_read_r1",
        "directory" : "/tmp/aisp_fio_2026-03-08_localhost_modern_profile_r32_full20b_localhost",
        "ioengine" : "libaio",
        "direct" : "1",
        "rw" : "randread",
        "bs" : "4K",
        "size" : "8G",
        "numjobs" : "4",
        "runtime" : "30",
        "unlink" : "1",
        "iodepth" : "64"
      },
      "read" : {
        "io_bytes" : 6062723072,
        "io_kbytes" : 5920628,
        "bw_bytes" : 202057092,
        "bw" : 197321,
        "iops" : 49330.344943,
        "runtime" : 30005,
        "total_ios" : 1480157,
        "short_ios" : 0,
        "drop_ios" : 0,
        "slat_ns" : {
          "min" : 905,
          "max" : 1325633,
          "mean" : 4206.404173,
          "stddev" : 7606.191743,
          "N" : 1480157
        },
        "clat_ns" : {
          "min" : 484228,
          "max" : 215020027,
          "mean" : 5183932.442087,
          "stddev" : 1144622.468310,
          "N" : 1480157,
          "percentile" : {
            "1.000000" : 2310144,
            "5.000000" : 3850240,
            "10.000000" : 4292608,
            "20.000000" : 4685824,
            "30.000000" : 4947968,
            "40.000000" : 5079040,
            "50.000000" : 5210112,
            "60.000000" : 5341184,
            "70.000000" : 5537792,
            "80.000000" : 5668864,
            "90.000000" : 5996544,
            "95.000000" : 6258688,
            "99.000000" : 7438336,
            "99.500000" : 8290304,
            "99.900000" : 11730944,
            "99.950000" : 12910592,
            "99.990000" : 22413312
          }
        },
        "lat_ns" : {
          "min" : 486147,
          "max" : 215022284,
          "mean" : 5188138.846260,
          "stddev" : 1144851.022184,
          "N" : 1480157
        },
        "bw_min" : 184192,
        "bw_max" : 286768,
        "bw_agg" : 100.000000,
        "bw_mean" : 197660.016949,
        "bw_dev" : 3730.858517,
        "bw_samples" : 236,
        "iops_min" : 46048,
        "iops_max" : 71692,
        "iops_mean" : 49414.966102,
        "iops_stddev" : 932.714363,
        "iops_samples" : 236
      },
      "write" : {
        "io_bytes" : 0,
        "io_kbytes" : 0,
        "bw_bytes" : 0,
        "bw" : 0,
        "iops" : 0.000000,
        "runtime" : 0,
        "total_ios" : 0,
        "short_ios" : 0,
        "drop_ios" : 0,
        "slat_ns" : {
          "min" : 0,
          "max" : 0,
          "mean" : 0.000000,
          "stddev" : 0.000000,
          "N" : 0
        },
        "clat_ns" : {
          "min" : 0,
          "max" : 0,
          "mean" : 0.000000,
          "stddev" : 0.000000,
          "N" : 0
        },
        "lat_ns" : {
          "min" : 0,
          "max" : 0,
          "mean" : 0.000000,
          "stddev" : 0.000000,
          "N" : 0
        },
        "bw_min" : 0,
        "bw_max" : 0,
        "bw_agg" : 0.000000,
        "bw_mean" : 0.000000,
        "bw_dev" : 0.000000,
        "bw_samples" : 0,
        "iops_min" : 0,
        "iops_max" : 0,
        "iops_mean" : 0.000000,
        "iops_stddev" : 0.000000,
        "iops_samples" : 0
      },
      "trim" : {
        "io_bytes" : 0,
        "io_kbytes" : 0,
        "bw_bytes" : 0,
        "bw" : 0,
        "iops" : 0.000000,
        "runtime" : 0,
        "total_ios" : 0,
        "short_ios" : 0,
        "drop_ios" : 0,
        "slat_ns" : {
          "min" : 0,
          "max" : 0,
          "mean" : 0.000000,
          "stddev" : 0.000000,
          "N" : 0
        },
        "clat_ns" : {
          "min" : 0,
          "max" : 0,
          "mean" : 0.000000,
          "stddev" : 0.000000,
          "N" : 0
        },
        "lat_ns" : {
          "min" : 0,
          "max" : 0,
          "mean" : 0.000000,
          "stddev" : 0.000000,
          "N" : 0
        },
        "bw_min" : 0,
        "bw_max" : 0,
        "bw_agg" : 0.000000,
        "bw_mean" : 0.000000,
        "bw_dev" : 0.000000,
        "bw_samples" : 0,
        "iops_min" : 0,
        "iops_max" : 0,
        "iops_mean" : 0.000000,
        "iops_stddev" : 0.000000,
        "iops_samples" : 0
      },
      "sync" : {
        "total_ios" : 0,
        "lat_ns" : {
          "min" : 0,
          "max" : 0,
          "mean" : 0.000000,
          "stddev" : 0.000000,
          "N" : 0
        }
      },
      "job_runtime" : 120013,
      "usr_cpu" : 3.199653,
      "sys_cpu" : 9.142343,
      "ctx" : 568652,
      "majf" : 0,
      "minf" : 301,
      "iodepth_level" : {
        "1" : 0.100000,
        "2" : 0.100000,
        "4" : 0.100000,
        "8" : 0.100000,
        "16" : 0.100000,
        "32" : 0.100000,
        ">=64" : 99.982975
      },
      "iodepth_submit" : {
        "0" : 0.000000,
        "4" : 100.000000,
        "8" : 0.000000,
        "16" : 0.000000,
        "32" : 0.000000,
        "64" : 0.000000,
        ">=64" : 0.000000
      },
      "iodepth_complete" : {
        "0" : 0.000000,
        "4" : 99.999730,
        "8" : 0.000000,
        "16" : 0.000000,
        "32" : 0.000000,
        "64" : 0.100000,
        ">=64" : 0.000000
      },
      "latency_ns" : {
        "2" : 0.000000,
        "4" : 0.000000,
        "10" : 0.000000,
        "20" : 0.000000,
        "50" : 0.000000,
        "100" : 0.000000,
        "250" : 0.000000,
        "500" : 0.000000,
        "750" : 0.000000,
        "1000" : 0.000000
      },
      "latency_us" : {
        "2" : 0.000000,
        "4" : 0.000000,
        "10" : 0.000000,
        "20" : 0.000000,
        "50" : 0.000000,
        "100" : 0.000000,
        "250" : 0.000000,
        "500" : 0.010000,
        "750" : 0.010000,
        "1000" : 0.017363
      },
      "latency_ms" : {
        "2" : 0.611759,
        "4" : 5.362877,
        "10" : 93.797212,
        "20" : 0.197884,
        "50" : 0.010000,
        "100" : 0.010000,
        "250" : 0.010000,
        "500" : 0.000000,
        "750" : 0.000000,
        "1000" : 0.000000,
        "2000" : 0.000000,
        ">=2000" : 0.000000
      },
      "latency_depth" : 64,
      "latency_target" : 0,
      "latency_percentile" : 100.000000,
      "latency_window" : 0
    }
  ],
  "disk_util" : [
    {
      "name" : "vda",
      "read_ios" : 1470666,
      "write_ios" : 68,
      "read_sectors" : 11765328,
      "write_sectors" : 1344,
      "read_merges" : 0,
      "write_merges" : 72,
      "read_ticks" : 7576404,
      "write_ticks" : 512,
      "in_queue" : 7576935,
      "util" : 89.494124
    }
  ]
}
