{
  "fio version" : "fio-3.36",
  "timestamp" : 1772958774,
  "timestamp_ms" : 1772958774885,
  "time" : "Sun Mar  8 08:32:54 2026",
  "jobs" : [
    {
      "jobname" : "rand_write_r1",
      "groupid" : 0,
      "job_start" : 1772958741722,
      "error" : 0,
      "eta" : 0,
      "elapsed" : 34,
      "job options" : {
        "name" : "rand_write_r1",
        "directory" : "/tmp/aisp_fio_2026-03-08_localhost_modern_profile_r32_full20b_localhost",
        "ioengine" : "libaio",
        "direct" : "1",
        "rw" : "randwrite",
        "bs" : "4K",
        "size" : "8G",
        "numjobs" : "4",
        "runtime" : "30",
        "unlink" : "1",
        "iodepth" : "64"
      },
      "read" : {
        "io_bytes" : 0,
        "io_kbytes" : 0,
        "bw_bytes" : 0,
        "bw" : 0,
        "iops" : 0.000000,
        "runtime" : 0,
        "total_ios" : 0,
        "short_ios" : 0,
        "drop_ios" : 0,
        "slat_ns" : {
          "min" : 0,
          "max" : 0,
          "mean" : 0.000000,
          "stddev" : 0.000000,
          "N" : 0
        },
        "clat_ns" : {
          "min" : 0,
          "max" : 0,
          "mean" : 0.000000,
          "stddev" : 0.000000,
          "N" : 0
        },
        "lat_ns" : {
          "min" : 0,
          "max" : 0,
          "mean" : 0.000000,
          "stddev" : 0.000000,
          "N" : 0
        },
        "bw_min" : 0,
        "bw_max" : 0,
        "bw_agg" : 0.000000,
        "bw_mean" : 0.000000,
        "bw_dev" : 0.000000,
        "bw_samples" : 0,
        "iops_min" : 0,
        "iops_max" : 0,
        "iops_mean" : 0.000000,
        "iops_stddev" : 0.000000,
        "iops_samples" : 0
      },
      "write" : {
        "io_bytes" : 3569598464,
        "io_kbytes" : 3485936,
        "bw_bytes" : 118974717,
        "bw" : 116186,
        "iops" : 29046.562010,
        "runtime" : 30003,
        "total_ios" : 871484,
        "short_ios" : 0,
        "drop_ios" : 0,
        "slat_ns" : {
          "min" : 2663,
          "max" : 263409726,
          "mean" : 38852.798775,
          "stddev" : 1386281.865176,
          "N" : 871484
        },
        "clat_ns" : {
          "min" : 806995,
          "max" : 390611230,
          "mean" : 8773292.007705,
          "stddev" : 13063283.953222,
          "N" : 871484,
          "percentile" : {
            "1.000000" : 2867200,
            "5.000000" : 5013504,
            "10.000000" : 5472256,
            "20.000000" : 5865472,
            "30.000000" : 6127616,
            "40.000000" : 6389760,
            "50.000000" : 6914048,
            "60.000000" : 7766016,
            "70.000000" : 8290304,
            "80.000000" : 8716288,
            "90.000000" : 9371648,
            "95.000000" : 9895936,
            "99.000000" : 64749568,
            "99.500000" : 79167488,
            "99.900000" : 233832448,
            "99.950000" : 256901120,
            "99.990000" : 270532608
          }
        },
        "lat_ns" : {
          "min" : 823363,
          "max" : 390632444,
          "mean" : 8812144.806481,
          "stddev" : 13131948.043349,
          "N" : 871484
        },
        "bw_min" : 48272,
        "bw_max" : 177056,
        "bw_agg" : 100.000000,
        "bw_mean" : 116551.135593,
        "bw_dev" : 5850.916398,
        "bw_samples" : 236,
        "iops_min" : 12068,
        "iops_max" : 44264,
        "iops_mean" : 29137.745763,
        "iops_stddev" : 1462.727556,
        "iops_samples" : 236
      },
      "trim" : {
        "io_bytes" : 0,
        "io_kbytes" : 0,
        "bw_bytes" : 0,
        "bw" : 0,
        "iops" : 0.000000,
        "runtime" : 0,
        "total_ios" : 0,
        "short_ios" : 0,
        "drop_ios" : 0,
        "slat_ns" : {
          "min" : 0,
          "max" : 0,
          "mean" : 0.000000,
          "stddev" : 0.000000,
          "N" : 0
        },
        "clat_ns" : {
          "min" : 0,
          "max" : 0,
          "mean" : 0.000000,
          "stddev" : 0.000000,
          "N" : 0
        },
        "lat_ns" : {
          "min" : 0,
          "max" : 0,
          "mean" : 0.000000,
          "stddev" : 0.000000,
          "N" : 0
        },
        "bw_min" : 0,
        "bw_max" : 0,
        "bw_agg" : 0.000000,
        "bw_mean" : 0.000000,
        "bw_dev" : 0.000000,
        "bw_samples" : 0,
        "iops_min" : 0,
        "iops_max" : 0,
        "iops_mean" : 0.000000,
        "iops_stddev" : 0.000000,
        "iops_samples" : 0
      },
      "sync" : {
        "total_ios" : 0,
        "lat_ns" : {
          "min" : 0,
          "max" : 0,
          "mean" : 0.000000,
          "stddev" : 0.000000,
          "N" : 0
        }
      },
      "job_runtime" : 120008,
      "usr_cpu" : 1.563229,
      "sys_cpu" : 14.737351,
      "ctx" : 179649,
      "majf" : 0,
      "minf" : 62,
      "iodepth_level" : {
        "1" : 0.100000,
        "2" : 0.100000,
        "4" : 0.100000,
        "8" : 0.100000,
        "16" : 0.100000,
        "32" : 0.100000,
        ">=64" : 99.971084
      },
      "iodepth_submit" : {
        "0" : 0.000000,
        "4" : 100.000000,
        "8" : 0.000000,
        "16" : 0.000000,
        "32" : 0.000000,
        "64" : 0.000000,
        ">=64" : 0.000000
      },
      "iodepth_complete" : {
        "0" : 0.000000,
        "4" : 99.999541,
        "8" : 0.000000,
        "16" : 0.000000,
        "32" : 0.000000,
        "64" : 0.100000,
        ">=64" : 0.000000
      },
      "latency_ns" : {
        "2" : 0.000000,
        "4" : 0.000000,
        "10" : 0.000000,
        "20" : 0.000000,
        "50" : 0.000000,
        "100" : 0.000000,
        "250" : 0.000000,
        "500" : 0.000000,
        "750" : 0.000000,
        "1000" : 0.000000
      },
      "latency_us" : {
        "2" : 0.000000,
        "4" : 0.000000,
        "10" : 0.000000,
        "20" : 0.000000,
        "50" : 0.000000,
        "100" : 0.000000,
        "250" : 0.000000,
        "500" : 0.000000,
        "750" : 0.000000,
        "1000" : 0.010000
      },
      "latency_ms" : {
        "2" : 0.651762,
        "4" : 1.117519,
        "10" : 93.465743,
        "20" : 2.482891,
        "50" : 0.212167,
        "100" : 1.728431,
        "250" : 0.255197,
        "500" : 0.083077,
        "750" : 0.000000,
        "1000" : 0.000000,
        "2000" : 0.000000,
        ">=2000" : 0.000000
      },
      "latency_depth" : 64,
      "latency_target" : 0,
      "latency_percentile" : 100.000000,
      "latency_window" : 0
    }
  ],
  "disk_util" : [
    {
      "name" : "vda",
      "read_ios" : 6,
      "write_ios" : 892875,
      "read_sectors" : 48,
      "write_sectors" : 9451632,
      "read_merges" : 0,
      "write_merges" : 288652,
      "read_ticks" : 33,
      "write_ticks" : 6164508,
      "in_queue" : 6166516,
      "util" : 65.737092
    }
  ]
}
