{
  "fio version" : "fio-3.36",
  "timestamp" : 1772959140,
  "timestamp_ms" : 1772959140569,
  "time" : "Sun Mar  8 08:39:00 2026",
  "jobs" : [
    {
      "jobname" : "rand_read_r3",
      "groupid" : 0,
      "job_start" : 1772959110524,
      "error" : 0,
      "eta" : 0,
      "elapsed" : 31,
      "job options" : {
        "name" : "rand_read_r3",
        "directory" : "/tmp/aisp_fio_2026-03-08_localhost_modern_profile_r32_full20b_localhost",
        "ioengine" : "libaio",
        "direct" : "1",
        "rw" : "randread",
        "bs" : "4K",
        "size" : "8G",
        "numjobs" : "4",
        "runtime" : "30",
        "unlink" : "1",
        "iodepth" : "64"
      },
      "read" : {
        "io_bytes" : 6232342528,
        "io_kbytes" : 6086272,
        "bw_bytes" : 207717055,
        "bw" : 202848,
        "iops" : 50712.171710,
        "runtime" : 30004,
        "total_ios" : 1521568,
        "short_ios" : 0,
        "drop_ios" : 0,
        "slat_ns" : {
          "min" : 906,
          "max" : 469955,
          "mean" : 3853.110502,
          "stddev" : 6494.154105,
          "N" : 1521568
        },
        "clat_ns" : {
          "min" : 348041,
          "max" : 47357968,
          "mean" : 5043186.514338,
          "stddev" : 1043226.300818,
          "N" : 1521568,
          "percentile" : {
            "1.000000" : 2506752,
            "5.000000" : 3457024,
            "10.000000" : 3915776,
            "20.000000" : 4358144,
            "30.000000" : 4620288,
            "40.000000" : 4816896,
            "50.000000" : 5013504,
            "60.000000" : 5210112,
            "70.000000" : 5406720,
            "80.000000" : 5603328,
            "90.000000" : 6127616,
            "95.000000" : 6717440,
            "99.000000" : 8585216,
            "99.500000" : 9371648,
            "99.900000" : 10682368,
            "99.950000" : 11075584,
            "99.990000" : 12386304
          }
        },
        "lat_ns" : {
          "min" : 351857,
          "max" : 47359377,
          "mean" : 5047039.624840,
          "stddev" : 1043388.173364,
          "N" : 1521568
        },
        "bw_min" : 183168,
        "bw_max" : 245880,
        "bw_agg" : 100.000000,
        "bw_mean" : 203091.118644,
        "bw_dev" : 2077.572826,
        "bw_samples" : 236,
        "iops_min" : 45792,
        "iops_max" : 61470,
        "iops_mean" : 50772.779661,
        "iops_stddev" : 519.393206,
        "iops_samples" : 236
      },
      "write" : {
        "io_bytes" : 0,
        "io_kbytes" : 0,
        "bw_bytes" : 0,
        "bw" : 0,
        "iops" : 0.000000,
        "runtime" : 0,
        "total_ios" : 0,
        "short_ios" : 0,
        "drop_ios" : 0,
        "slat_ns" : {
          "min" : 0,
          "max" : 0,
          "mean" : 0.000000,
          "stddev" : 0.000000,
          "N" : 0
        },
        "clat_ns" : {
          "min" : 0,
          "max" : 0,
          "mean" : 0.000000,
          "stddev" : 0.000000,
          "N" : 0
        },
        "lat_ns" : {
          "min" : 0,
          "max" : 0,
          "mean" : 0.000000,
          "stddev" : 0.000000,
          "N" : 0
        },
        "bw_min" : 0,
        "bw_max" : 0,
        "bw_agg" : 0.000000,
        "bw_mean" : 0.000000,
        "bw_dev" : 0.000000,
        "bw_samples" : 0,
        "iops_min" : 0,
        "iops_max" : 0,
        "iops_mean" : 0.000000,
        "iops_stddev" : 0.000000,
        "iops_samples" : 0
      },
      "trim" : {
        "io_bytes" : 0,
        "io_kbytes" : 0,
        "bw_bytes" : 0,
        "bw" : 0,
        "iops" : 0.000000,
        "runtime" : 0,
        "total_ios" : 0,
        "short_ios" : 0,
        "drop_ios" : 0,
        "slat_ns" : {
          "min" : 0,
          "max" : 0,
          "mean" : 0.000000,
          "stddev" : 0.000000,
          "N" : 0
        },
        "clat_ns" : {
          "min" : 0,
          "max" : 0,
          "mean" : 0.000000,
          "stddev" : 0.000000,
          "N" : 0
        },
        "lat_ns" : {
          "min" : 0,
          "max" : 0,
          "mean" : 0.000000,
          "stddev" : 0.000000,
          "N" : 0
        },
        "bw_min" : 0,
        "bw_max" : 0,
        "bw_agg" : 0.000000,
        "bw_mean" : 0.000000,
        "bw_dev" : 0.000000,
        "bw_samples" : 0,
        "iops_min" : 0,
        "iops_max" : 0,
        "iops_mean" : 0.000000,
        "iops_stddev" : 0.000000,
        "iops_samples" : 0
      },
      "sync" : {
        "total_ios" : 0,
        "lat_ns" : {
          "min" : 0,
          "max" : 0,
          "mean" : 0.000000,
          "stddev" : 0.000000,
          "N" : 0
        }
      },
      "job_runtime" : 120011,
      "usr_cpu" : 2.901401,
      "sys_cpu" : 8.705869,
      "ctx" : 672965,
      "majf" : 0,
      "minf" : 307,
      "iodepth_level" : {
        "1" : 0.100000,
        "2" : 0.100000,
        "4" : 0.100000,
        "8" : 0.100000,
        "16" : 0.100000,
        "32" : 0.100000,
        ">=64" : 99.983438
      },
      "iodepth_submit" : {
        "0" : 0.000000,
        "4" : 100.000000,
        "8" : 0.000000,
        "16" : 0.000000,
        "32" : 0.000000,
        "64" : 0.000000,
        ">=64" : 0.000000
      },
      "iodepth_complete" : {
        "0" : 0.000000,
        "4" : 99.999737,
        "8" : 0.000000,
        "16" : 0.000000,
        "32" : 0.000000,
        "64" : 0.100000,
        ">=64" : 0.000000
      },
      "latency_ns" : {
        "2" : 0.000000,
        "4" : 0.000000,
        "10" : 0.000000,
        "20" : 0.000000,
        "50" : 0.000000,
        "100" : 0.000000,
        "250" : 0.000000,
        "500" : 0.000000,
        "750" : 0.000000,
        "1000" : 0.000000
      },
      "latency_us" : {
        "2" : 0.000000,
        "4" : 0.000000,
        "10" : 0.000000,
        "20" : 0.000000,
        "50" : 0.000000,
        "100" : 0.000000,
        "250" : 0.000000,
        "500" : 0.010000,
        "750" : 0.012487,
        "1000" : 0.036410
      },
      "latency_ms" : {
        "2" : 0.357657,
        "4" : 10.867999,
        "10" : 88.474981,
        "20" : 0.249151,
        "50" : 0.010000,
        "100" : 0.000000,
        "250" : 0.000000,
        "500" : 0.000000,
        "750" : 0.000000,
        "1000" : 0.000000,
        "2000" : 0.000000,
        ">=2000" : 0.000000
      },
      "latency_depth" : 64,
      "latency_target" : 0,
      "latency_percentile" : 100.000000,
      "latency_window" : 0
    }
  ],
  "disk_util" : [
    {
      "name" : "vda",
      "read_ios" : 1511749,
      "write_ios" : 139,
      "read_sectors" : 12093992,
      "write_sectors" : 4880,
      "read_merges" : 0,
      "write_merges" : 439,
      "read_ticks" : 7589072,
      "write_ticks" : 1095,
      "in_queue" : 7590183,
      "util" : 90.451807
    }
  ]
}
