{
  "fio version" : "fio-3.36",
  "timestamp" : 1772958974,
  "timestamp_ms" : 1772958974136,
  "time" : "Sun Mar  8 08:36:14 2026",
  "jobs" : [
    {
      "jobname" : "rand_write_r2",
      "groupid" : 0,
      "job_start" : 1772958940823,
      "error" : 0,
      "eta" : 0,
      "elapsed" : 34,
      "job options" : {
        "name" : "rand_write_r2",
        "directory" : "/tmp/aisp_fio_2026-03-08_localhost_modern_profile_r32_full20b_localhost",
        "ioengine" : "libaio",
        "direct" : "1",
        "rw" : "randwrite",
        "bs" : "4K",
        "size" : "8G",
        "numjobs" : "4",
        "runtime" : "30",
        "unlink" : "1",
        "iodepth" : "64"
      },
      "read" : {
        "io_bytes" : 0,
        "io_kbytes" : 0,
        "bw_bytes" : 0,
        "bw" : 0,
        "iops" : 0.000000,
        "runtime" : 0,
        "total_ios" : 0,
        "short_ios" : 0,
        "drop_ios" : 0,
        "slat_ns" : {
          "min" : 0,
          "max" : 0,
          "mean" : 0.000000,
          "stddev" : 0.000000,
          "N" : 0
        },
        "clat_ns" : {
          "min" : 0,
          "max" : 0,
          "mean" : 0.000000,
          "stddev" : 0.000000,
          "N" : 0
        },
        "lat_ns" : {
          "min" : 0,
          "max" : 0,
          "mean" : 0.000000,
          "stddev" : 0.000000,
          "N" : 0
        },
        "bw_min" : 0,
        "bw_max" : 0,
        "bw_agg" : 0.000000,
        "bw_mean" : 0.000000,
        "bw_dev" : 0.000000,
        "bw_samples" : 0,
        "iops_min" : 0,
        "iops_max" : 0,
        "iops_mean" : 0.000000,
        "iops_stddev" : 0.000000,
        "iops_samples" : 0
      },
      "write" : {
        "io_bytes" : 3646525440,
        "io_kbytes" : 3561060,
        "bw_bytes" : 121477961,
        "bw" : 118630,
        "iops" : 29657.705377,
        "runtime" : 30018,
        "total_ios" : 890265,
        "short_ios" : 0,
        "drop_ios" : 0,
        "slat_ns" : {
          "min" : 2644,
          "max" : 393446780,
          "mean" : 38482.439957,
          "stddev" : 1551039.659293,
          "N" : 890265
        },
        "clat_ns" : {
          "min" : 872910,
          "max" : 479308430,
          "mean" : 8591735.480656,
          "stddev" : 14944327.826741,
          "N" : 890265,
          "percentile" : {
            "1.000000" : 3260416,
            "5.000000" : 5079040,
            "10.000000" : 5341184,
            "20.000000" : 5668864,
            "30.000000" : 5931008,
            "40.000000" : 6127616,
            "50.000000" : 6324224,
            "60.000000" : 6651904,
            "70.000000" : 7438336,
            "80.000000" : 8290304,
            "90.000000" : 9109504,
            "95.000000" : 9895936,
            "99.000000" : 67633152,
            "99.500000" : 81264640,
            "99.900000" : 225443840,
            "99.950000" : 267386880,
            "99.990000" : 400556032
          }
        },
        "lat_ns" : {
          "min" : 886044,
          "max" : 479322381,
          "mean" : 8630217.920612,
          "stddev" : 15019607.212085,
          "N" : 890265
        },
        "bw_min" : 47544,
        "bw_max" : 171160,
        "bw_agg" : 100.000000,
        "bw_mean" : 119318.508475,
        "bw_dev" : 7186.314954,
        "bw_samples" : 236,
        "iops_min" : 11886,
        "iops_max" : 42790,
        "iops_mean" : 29829.627119,
        "iops_stddev" : 1796.574854,
        "iops_samples" : 236
      },
      "trim" : {
        "io_bytes" : 0,
        "io_kbytes" : 0,
        "bw_bytes" : 0,
        "bw" : 0,
        "iops" : 0.000000,
        "runtime" : 0,
        "total_ios" : 0,
        "short_ios" : 0,
        "drop_ios" : 0,
        "slat_ns" : {
          "min" : 0,
          "max" : 0,
          "mean" : 0.000000,
          "stddev" : 0.000000,
          "N" : 0
        },
        "clat_ns" : {
          "min" : 0,
          "max" : 0,
          "mean" : 0.000000,
          "stddev" : 0.000000,
          "N" : 0
        },
        "lat_ns" : {
          "min" : 0,
          "max" : 0,
          "mean" : 0.000000,
          "stddev" : 0.000000,
          "N" : 0
        },
        "bw_min" : 0,
        "bw_max" : 0,
        "bw_agg" : 0.000000,
        "bw_mean" : 0.000000,
        "bw_dev" : 0.000000,
        "bw_samples" : 0,
        "iops_min" : 0,
        "iops_max" : 0,
        "iops_mean" : 0.000000,
        "iops_stddev" : 0.000000,
        "iops_samples" : 0
      },
      "sync" : {
        "total_ios" : 0,
        "lat_ns" : {
          "min" : 0,
          "max" : 0,
          "mean" : 0.000000,
          "stddev" : 0.000000,
          "N" : 0
        }
      },
      "job_runtime" : 120062,
      "usr_cpu" : 1.472573,
      "sys_cpu" : 13.849511,
      "ctx" : 217787,
      "majf" : 0,
      "minf" : 49,
      "iodepth_level" : {
        "1" : 0.100000,
        "2" : 0.100000,
        "4" : 0.100000,
        "8" : 0.100000,
        "16" : 0.100000,
        "32" : 0.100000,
        ">=64" : 99.971694
      },
      "iodepth_submit" : {
        "0" : 0.000000,
        "4" : 100.000000,
        "8" : 0.000000,
        "16" : 0.000000,
        "32" : 0.000000,
        "64" : 0.000000,
        ">=64" : 0.000000
      },
      "iodepth_complete" : {
        "0" : 0.000000,
        "4" : 99.999551,
        "8" : 0.000000,
        "16" : 0.000000,
        "32" : 0.000000,
        "64" : 0.100000,
        ">=64" : 0.000000
      },
      "latency_ns" : {
        "2" : 0.000000,
        "4" : 0.000000,
        "10" : 0.000000,
        "20" : 0.000000,
        "50" : 0.000000,
        "100" : 0.000000,
        "250" : 0.000000,
        "500" : 0.000000,
        "750" : 0.000000,
        "1000" : 0.000000
      },
      "latency_us" : {
        "2" : 0.000000,
        "4" : 0.000000,
        "10" : 0.000000,
        "20" : 0.000000,
        "50" : 0.000000,
        "100" : 0.000000,
        "250" : 0.000000,
        "500" : 0.000000,
        "750" : 0.000000,
        "1000" : 0.010000
      },
      "latency_ms" : {
        "2" : 0.432343,
        "4" : 1.156622,
        "10" : 93.663010,
        "20" : 2.277636,
        "50" : 0.380898,
        "100" : 1.756893,
        "250" : 0.258912,
        "500" : 0.070878,
        "750" : 0.000000,
        "1000" : 0.000000,
        "2000" : 0.000000,
        ">=2000" : 0.000000
      },
      "latency_depth" : 64,
      "latency_target" : 0,
      "latency_percentile" : 100.000000,
      "latency_window" : 0
    }
  ],
  "disk_util" : [
    {
      "name" : "vda",
      "read_ios" : 0,
      "write_ios" : 914486,
      "read_sectors" : 0,
      "write_sectors" : 9754592,
      "read_merges" : 0,
      "write_merges" : 304916,
      "read_ticks" : 0,
      "write_ticks" : 6041513,
      "in_queue" : 6043557,
      "util" : 66.287183
    }
  ]
}
