{
  "fio version" : "fio-3.36",
  "timestamp" : 1772958672,
  "timestamp_ms" : 1772958672422,
  "time" : "Sun Mar  8 08:31:12 2026",
  "jobs" : [
    {
      "jobname" : "seq_read_r1",
      "groupid" : 0,
      "job_start" : 1772958642383,
      "error" : 0,
      "eta" : 0,
      "elapsed" : 31,
      "job options" : {
        "name" : "seq_read_r1",
        "directory" : "/tmp/aisp_fio_2026-03-08_localhost_modern_profile_r32_full20b_localhost",
        "ioengine" : "libaio",
        "direct" : "1",
        "rw" : "read",
        "bs" : "1M",
        "size" : "8G",
        "numjobs" : "4",
        "runtime" : "30",
        "unlink" : "1"
      },
      "read" : {
        "io_bytes" : 49104814080,
        "io_kbytes" : 47953920,
        "bw_bytes" : 1636718021,
        "bw" : 1598357,
        "iops" : 1560.895940,
        "runtime" : 30002,
        "total_ios" : 46830,
        "short_ios" : 0,
        "drop_ios" : 0,
        "slat_ns" : {
          "min" : 19928,
          "max" : 877229,
          "mean" : 45171.719389,
          "stddev" : 11352.619348,
          "N" : 46830
        },
        "clat_ns" : {
          "min" : 1013416,
          "max" : 213254944,
          "mean" : 2513517.665172,
          "stddev" : 1166246.735279,
          "N" : 46830,
          "percentile" : {
            "1.000000" : 1302528,
            "5.000000" : 1662976,
            "10.000000" : 1990656,
            "20.000000" : 2146304,
            "30.000000" : 2277376,
            "40.000000" : 2375680,
            "50.000000" : 2441216,
            "60.000000" : 2539520,
            "70.000000" : 2670592,
            "80.000000" : 2801664,
            "90.000000" : 3096576,
            "95.000000" : 3391488,
            "99.000000" : 4292608,
            "99.500000" : 4685824,
            "99.900000" : 6520832,
            "99.950000" : 9502720,
            "99.990000" : 22675456
          }
        },
        "lat_ns" : {
          "min" : 1041652,
          "max" : 213314221,
          "mean" : 2558689.384561,
          "stddev" : 1167040.024574,
          "N" : 46830
        },
        "bw_min" : 1257472,
        "bw_max" : 1923072,
        "bw_agg" : 99.838306,
        "bw_mean" : 1595773.830508,
        "bw_dev" : 35671.754771,
        "bw_samples" : 236,
        "iops_min" : 1228,
        "iops_max" : 1878,
        "iops_mean" : 1558.372881,
        "iops_stddev" : 34.835698,
        "iops_samples" : 236
      },
      "write" : {
        "io_bytes" : 0,
        "io_kbytes" : 0,
        "bw_bytes" : 0,
        "bw" : 0,
        "iops" : 0.000000,
        "runtime" : 0,
        "total_ios" : 0,
        "short_ios" : 0,
        "drop_ios" : 0,
        "slat_ns" : {
          "min" : 0,
          "max" : 0,
          "mean" : 0.000000,
          "stddev" : 0.000000,
          "N" : 0
        },
        "clat_ns" : {
          "min" : 0,
          "max" : 0,
          "mean" : 0.000000,
          "stddev" : 0.000000,
          "N" : 0
        },
        "lat_ns" : {
          "min" : 0,
          "max" : 0,
          "mean" : 0.000000,
          "stddev" : 0.000000,
          "N" : 0
        },
        "bw_min" : 0,
        "bw_max" : 0,
        "bw_agg" : 0.000000,
        "bw_mean" : 0.000000,
        "bw_dev" : 0.000000,
        "bw_samples" : 0,
        "iops_min" : 0,
        "iops_max" : 0,
        "iops_mean" : 0.000000,
        "iops_stddev" : 0.000000,
        "iops_samples" : 0
      },
      "trim" : {
        "io_bytes" : 0,
        "io_kbytes" : 0,
        "bw_bytes" : 0,
        "bw" : 0,
        "iops" : 0.000000,
        "runtime" : 0,
        "total_ios" : 0,
        "short_ios" : 0,
        "drop_ios" : 0,
        "slat_ns" : {
          "min" : 0,
          "max" : 0,
          "mean" : 0.000000,
          "stddev" : 0.000000,
          "N" : 0
        },
        "clat_ns" : {
          "min" : 0,
          "max" : 0,
          "mean" : 0.000000,
          "stddev" : 0.000000,
          "N" : 0
        },
        "lat_ns" : {
          "min" : 0,
          "max" : 0,
          "mean" : 0.000000,
          "stddev" : 0.000000,
          "N" : 0
        },
        "bw_min" : 0,
        "bw_max" : 0,
        "bw_agg" : 0.000000,
        "bw_mean" : 0.000000,
        "bw_dev" : 0.000000,
        "bw_samples" : 0,
        "iops_min" : 0,
        "iops_max" : 0,
        "iops_mean" : 0.000000,
        "iops_stddev" : 0.000000,
        "iops_samples" : 0
      },
      "sync" : {
        "total_ios" : 0,
        "lat_ns" : {
          "min" : 0,
          "max" : 0,
          "mean" : 0.000000,
          "stddev" : 0.000000,
          "N" : 0
        }
      },
      "job_runtime" : 120003,
      "usr_cpu" : 0.628318,
      "sys_cpu" : 2.722432,
      "ctx" : 46838,
      "majf" : 0,
      "minf" : 1079,
      "iodepth_level" : {
        "1" : 100.000000,
        "2" : 0.000000,
        "4" : 0.000000,
        "8" : 0.000000,
        "16" : 0.000000,
        "32" : 0.000000,
        ">=64" : 0.000000
      },
      "iodepth_submit" : {
        "0" : 0.000000,
        "4" : 100.000000,
        "8" : 0.000000,
        "16" : 0.000000,
        "32" : 0.000000,
        "64" : 0.000000,
        ">=64" : 0.000000
      },
      "iodepth_complete" : {
        "0" : 0.000000,
        "4" : 100.000000,
        "8" : 0.000000,
        "16" : 0.000000,
        "32" : 0.000000,
        "64" : 0.000000,
        ">=64" : 0.000000
      },
      "latency_ns" : {
        "2" : 0.000000,
        "4" : 0.000000,
        "10" : 0.000000,
        "20" : 0.000000,
        "50" : 0.000000,
        "100" : 0.000000,
        "250" : 0.000000,
        "500" : 0.000000,
        "750" : 0.000000,
        "1000" : 0.000000
      },
      "latency_us" : {
        "2" : 0.000000,
        "4" : 0.000000,
        "10" : 0.000000,
        "20" : 0.000000,
        "50" : 0.000000,
        "100" : 0.000000,
        "250" : 0.000000,
        "500" : 0.000000,
        "750" : 0.000000,
        "1000" : 0.000000
      },
      "latency_ms" : {
        "2" : 10.623532,
        "4" : 87.806961,
        "10" : 1.522528,
        "20" : 0.032031,
        "50" : 0.012812,
        "100" : 0.000000,
        "250" : 0.010000,
        "500" : 0.000000,
        "750" : 0.000000,
        "1000" : 0.000000,
        "2000" : 0.000000,
        ">=2000" : 0.000000
      },
      "latency_depth" : 1,
      "latency_target" : 0,
      "latency_percentile" : 100.000000,
      "latency_window" : 0
    }
  ],
  "disk_util" : [
    {
      "name" : "vda",
      "read_ios" : 58586,
      "write_ios" : 69,
      "read_sectors" : 95713264,
      "write_sectors" : 1168,
      "read_merges" : 0,
      "write_merges" : 75,
      "read_ticks" : 146373,
      "write_ticks" : 155,
      "in_queue" : 146532,
      "util" : 89.627385
    }
  ]
}
