{
  "fio version" : "fio-3.36",
  "timestamp" : 1772959071,
  "timestamp_ms" : 1772959071742,
  "time" : "Sun Mar  8 08:37:51 2026",
  "jobs" : [
    {
      "jobname" : "seq_read_r3",
      "groupid" : 0,
      "job_start" : 1772959041708,
      "error" : 0,
      "eta" : 0,
      "elapsed" : 31,
      "job options" : {
        "name" : "seq_read_r3",
        "directory" : "/tmp/aisp_fio_2026-03-08_localhost_modern_profile_r32_full20b_localhost",
        "ioengine" : "libaio",
        "direct" : "1",
        "rw" : "read",
        "bs" : "1M",
        "size" : "8G",
        "numjobs" : "4",
        "runtime" : "30",
        "unlink" : "1"
      },
      "read" : {
        "io_bytes" : 49204428800,
        "io_kbytes" : 48051200,
        "bw_bytes" : 1639983628,
        "bw" : 1601546,
        "iops" : 1564.010266,
        "runtime" : 30003,
        "total_ios" : 46925,
        "short_ios" : 0,
        "drop_ios" : 0,
        "slat_ns" : {
          "min" : 18228,
          "max" : 916638,
          "mean" : 45141.908279,
          "stddev" : 14092.562581,
          "N" : 46925
        },
        "clat_ns" : {
          "min" : 981769,
          "max" : 208618553,
          "mean" : 2508268.494065,
          "stddev" : 1778841.215986,
          "N" : 46925,
          "percentile" : {
            "1.000000" : 1302528,
            "5.000000" : 1531904,
            "10.000000" : 1875968,
            "20.000000" : 2113536,
            "30.000000" : 2244608,
            "40.000000" : 2342912,
            "50.000000" : 2441216,
            "60.000000" : 2572288,
            "70.000000" : 2703360,
            "80.000000" : 2834432,
            "90.000000" : 3096576,
            "95.000000" : 3358720,
            "99.000000" : 4112384,
            "99.500000" : 4751360,
            "99.900000" : 8159232,
            "99.950000" : 10944512,
            "99.990000" : 33423360
          }
        },
        "lat_ns" : {
          "min" : 1016119,
          "max" : 208668520,
          "mean" : 2553410.402344,
          "stddev" : 1779670.204260,
          "N" : 46925
        },
        "bw_min" : 1134592,
        "bw_max" : 2019328,
        "bw_agg" : 99.780430,
        "bw_mean" : 1598030.101695,
        "bw_dev" : 45993.892387,
        "bw_samples" : 236,
        "iops_min" : 1108,
        "iops_max" : 1972,
        "iops_mean" : 1560.576271,
        "iops_stddev" : 44.915911,
        "iops_samples" : 236
      },
      "write" : {
        "io_bytes" : 0,
        "io_kbytes" : 0,
        "bw_bytes" : 0,
        "bw" : 0,
        "iops" : 0.000000,
        "runtime" : 0,
        "total_ios" : 0,
        "short_ios" : 0,
        "drop_ios" : 0,
        "slat_ns" : {
          "min" : 0,
          "max" : 0,
          "mean" : 0.000000,
          "stddev" : 0.000000,
          "N" : 0
        },
        "clat_ns" : {
          "min" : 0,
          "max" : 0,
          "mean" : 0.000000,
          "stddev" : 0.000000,
          "N" : 0
        },
        "lat_ns" : {
          "min" : 0,
          "max" : 0,
          "mean" : 0.000000,
          "stddev" : 0.000000,
          "N" : 0
        },
        "bw_min" : 0,
        "bw_max" : 0,
        "bw_agg" : 0.000000,
        "bw_mean" : 0.000000,
        "bw_dev" : 0.000000,
        "bw_samples" : 0,
        "iops_min" : 0,
        "iops_max" : 0,
        "iops_mean" : 0.000000,
        "iops_stddev" : 0.000000,
        "iops_samples" : 0
      },
      "trim" : {
        "io_bytes" : 0,
        "io_kbytes" : 0,
        "bw_bytes" : 0,
        "bw" : 0,
        "iops" : 0.000000,
        "runtime" : 0,
        "total_ios" : 0,
        "short_ios" : 0,
        "drop_ios" : 0,
        "slat_ns" : {
          "min" : 0,
          "max" : 0,
          "mean" : 0.000000,
          "stddev" : 0.000000,
          "N" : 0
        },
        "clat_ns" : {
          "min" : 0,
          "max" : 0,
          "mean" : 0.000000,
          "stddev" : 0.000000,
          "N" : 0
        },
        "lat_ns" : {
          "min" : 0,
          "max" : 0,
          "mean" : 0.000000,
          "stddev" : 0.000000,
          "N" : 0
        },
        "bw_min" : 0,
        "bw_max" : 0,
        "bw_agg" : 0.000000,
        "bw_mean" : 0.000000,
        "bw_dev" : 0.000000,
        "bw_samples" : 0,
        "iops_min" : 0,
        "iops_max" : 0,
        "iops_mean" : 0.000000,
        "iops_stddev" : 0.000000,
        "iops_samples" : 0
      },
      "sync" : {
        "total_ios" : 0,
        "lat_ns" : {
          "min" : 0,
          "max" : 0,
          "mean" : 0.000000,
          "stddev" : 0.000000,
          "N" : 0
        }
      },
      "job_runtime" : 120003,
      "usr_cpu" : 0.545820,
      "sys_cpu" : 2.807430,
      "ctx" : 46944,
      "majf" : 0,
      "minf" : 1078,
      "iodepth_level" : {
        "1" : 100.000000,
        "2" : 0.000000,
        "4" : 0.000000,
        "8" : 0.000000,
        "16" : 0.000000,
        "32" : 0.000000,
        ">=64" : 0.000000
      },
      "iodepth_submit" : {
        "0" : 0.000000,
        "4" : 100.000000,
        "8" : 0.000000,
        "16" : 0.000000,
        "32" : 0.000000,
        "64" : 0.000000,
        ">=64" : 0.000000
      },
      "iodepth_complete" : {
        "0" : 0.000000,
        "4" : 100.000000,
        "8" : 0.000000,
        "16" : 0.000000,
        "32" : 0.000000,
        "64" : 0.000000,
        ">=64" : 0.000000
      },
      "latency_ns" : {
        "2" : 0.000000,
        "4" : 0.000000,
        "10" : 0.000000,
        "20" : 0.000000,
        "50" : 0.000000,
        "100" : 0.000000,
        "250" : 0.000000,
        "500" : 0.000000,
        "750" : 0.000000,
        "1000" : 0.000000
      },
      "latency_us" : {
        "2" : 0.000000,
        "4" : 0.000000,
        "10" : 0.000000,
        "20" : 0.000000,
        "50" : 0.000000,
        "100" : 0.000000,
        "250" : 0.000000,
        "500" : 0.000000,
        "750" : 0.000000,
        "1000" : 0.010000
      },
      "latency_ms" : {
        "2" : 13.374534,
        "4" : 85.419286,
        "10" : 1.142248,
        "20" : 0.038359,
        "50" : 0.014917,
        "100" : 0.000000,
        "250" : 0.010000,
        "500" : 0.000000,
        "750" : 0.000000,
        "1000" : 0.000000,
        "2000" : 0.000000,
        ">=2000" : 0.000000
      },
      "latency_depth" : 1,
      "latency_target" : 0,
      "latency_percentile" : 100.000000,
      "latency_window" : 0
    }
  ],
  "disk_util" : [
    {
      "name" : "vda",
      "read_ios" : 69717,
      "write_ios" : 27,
      "read_sectors" : 95270912,
      "write_sectors" : 304,
      "read_merges" : 0,
      "write_merges" : 10,
      "read_ticks" : 174444,
      "write_ticks" : 55,
      "in_queue" : 174502,
      "util" : 90.709120
    }
  ]
}
