{
  "fio version" : "fio-3.36",
  "timestamp" : 1772959004,
  "timestamp_ms" : 1772959004398,
  "time" : "Sun Mar  8 08:36:44 2026",
  "jobs" : [
    {
      "jobname" : "seq_write_r3",
      "groupid" : 0,
      "job_start" : 1772958974347,
      "error" : 0,
      "eta" : 0,
      "elapsed" : 31,
      "job options" : {
        "name" : "seq_write_r3",
        "directory" : "/tmp/aisp_fio_2026-03-08_localhost_modern_profile_r32_full20b_localhost",
        "ioengine" : "libaio",
        "direct" : "1",
        "rw" : "write",
        "bs" : "1M",
        "size" : "8G",
        "numjobs" : "4",
        "runtime" : "30",
        "unlink" : "1"
      },
      "read" : {
        "io_bytes" : 0,
        "io_kbytes" : 0,
        "bw_bytes" : 0,
        "bw" : 0,
        "iops" : 0.000000,
        "runtime" : 0,
        "total_ios" : 0,
        "short_ios" : 0,
        "drop_ios" : 0,
        "slat_ns" : {
          "min" : 0,
          "max" : 0,
          "mean" : 0.000000,
          "stddev" : 0.000000,
          "N" : 0
        },
        "clat_ns" : {
          "min" : 0,
          "max" : 0,
          "mean" : 0.000000,
          "stddev" : 0.000000,
          "N" : 0
        },
        "lat_ns" : {
          "min" : 0,
          "max" : 0,
          "mean" : 0.000000,
          "stddev" : 0.000000,
          "N" : 0
        },
        "bw_min" : 0,
        "bw_max" : 0,
        "bw_agg" : 0.000000,
        "bw_mean" : 0.000000,
        "bw_dev" : 0.000000,
        "bw_samples" : 0,
        "iops_min" : 0,
        "iops_max" : 0,
        "iops_mean" : 0.000000,
        "iops_stddev" : 0.000000,
        "iops_samples" : 0
      },
      "write" : {
        "io_bytes" : 21535653888,
        "io_kbytes" : 21030912,
        "bw_bytes" : 717759428,
        "bw" : 700936,
        "iops" : 684.508732,
        "runtime" : 30004,
        "total_ios" : 20538,
        "short_ios" : 0,
        "drop_ios" : 0,
        "slat_ns" : {
          "min" : 42173,
          "max" : 39497528,
          "mean" : 125835.024881,
          "stddev" : 275333.508394,
          "N" : 20538
        },
        "clat_ns" : {
          "min" : 3337628,
          "max" : 210680609,
          "mean" : 5710889.593875,
          "stddev" : 2304868.961109,
          "N" : 20538,
          "percentile" : {
            "1.000000" : 4014080,
            "5.000000" : 4358144,
            "10.000000" : 4489216,
            "20.000000" : 4816896,
            "30.000000" : 5013504,
            "40.000000" : 5210112,
            "50.000000" : 5472256,
            "60.000000" : 5668864,
            "70.000000" : 5931008,
            "80.000000" : 6258688,
            "90.000000" : 6848512,
            "95.000000" : 7634944,
            "99.000000" : 10944512,
            "99.500000" : 13959168,
            "99.900000" : 28704768,
            "99.950000" : 37486592,
            "99.990000" : 42205184
          }
        },
        "lat_ns" : {
          "min" : 3438892,
          "max" : 210789451,
          "mean" : 5836724.618755,
          "stddev" : 2321419.575303,
          "N" : 20538
        },
        "bw_min" : 530432,
        "bw_max" : 768000,
        "bw_agg" : 100.000000,
        "bw_mean" : 701075.525424,
        "bw_dev" : 11158.358547,
        "bw_samples" : 236,
        "iops_min" : 518,
        "iops_max" : 750,
        "iops_mean" : 684.644068,
        "iops_stddev" : 10.896835,
        "iops_samples" : 236
      },
      "trim" : {
        "io_bytes" : 0,
        "io_kbytes" : 0,
        "bw_bytes" : 0,
        "bw" : 0,
        "iops" : 0.000000,
        "runtime" : 0,
        "total_ios" : 0,
        "short_ios" : 0,
        "drop_ios" : 0,
        "slat_ns" : {
          "min" : 0,
          "max" : 0,
          "mean" : 0.000000,
          "stddev" : 0.000000,
          "N" : 0
        },
        "clat_ns" : {
          "min" : 0,
          "max" : 0,
          "mean" : 0.000000,
          "stddev" : 0.000000,
          "N" : 0
        },
        "lat_ns" : {
          "min" : 0,
          "max" : 0,
          "mean" : 0.000000,
          "stddev" : 0.000000,
          "N" : 0
        },
        "bw_min" : 0,
        "bw_max" : 0,
        "bw_agg" : 0.000000,
        "bw_mean" : 0.000000,
        "bw_dev" : 0.000000,
        "bw_samples" : 0,
        "iops_min" : 0,
        "iops_max" : 0,
        "iops_mean" : 0.000000,
        "iops_stddev" : 0.000000,
        "iops_samples" : 0
      },
      "sync" : {
        "total_ios" : 0,
        "lat_ns" : {
          "min" : 0,
          "max" : 0,
          "mean" : 0.000000,
          "stddev" : 0.000000,
          "N" : 0
        }
      },
      "job_runtime" : 120007,
      "usr_cpu" : 1.171598,
      "sys_cpu" : 1.404085,
      "ctx" : 20545,
      "majf" : 0,
      "minf" : 50,
      "iodepth_level" : {
        "1" : 100.000000,
        "2" : 0.000000,
        "4" : 0.000000,
        "8" : 0.000000,
        "16" : 0.000000,
        "32" : 0.000000,
        ">=64" : 0.000000
      },
      "iodepth_submit" : {
        "0" : 0.000000,
        "4" : 100.000000,
        "8" : 0.000000,
        "16" : 0.000000,
        "32" : 0.000000,
        "64" : 0.000000,
        ">=64" : 0.000000
      },
      "iodepth_complete" : {
        "0" : 0.000000,
        "4" : 100.000000,
        "8" : 0.000000,
        "16" : 0.000000,
        "32" : 0.000000,
        "64" : 0.000000,
        ">=64" : 0.000000
      },
      "latency_ns" : {
        "2" : 0.000000,
        "4" : 0.000000,
        "10" : 0.000000,
        "20" : 0.000000,
        "50" : 0.000000,
        "100" : 0.000000,
        "250" : 0.000000,
        "500" : 0.000000,
        "750" : 0.000000,
        "1000" : 0.000000
      },
      "latency_us" : {
        "2" : 0.000000,
        "4" : 0.000000,
        "10" : 0.000000,
        "20" : 0.000000,
        "50" : 0.000000,
        "100" : 0.000000,
        "250" : 0.000000,
        "500" : 0.000000,
        "750" : 0.000000,
        "1000" : 0.000000
      },
      "latency_ms" : {
        "2" : 0.000000,
        "4" : 1.003019,
        "10" : 97.638524,
        "20" : 1.139351,
        "50" : 0.209368,
        "100" : 0.000000,
        "250" : 0.010000,
        "500" : 0.000000,
        "750" : 0.000000,
        "1000" : 0.000000,
        "2000" : 0.000000,
        ">=2000" : 0.000000
      },
      "latency_depth" : 1,
      "latency_target" : 0,
      "latency_percentile" : 100.000000,
      "latency_window" : 0
    }
  ],
  "disk_util" : [
    {
      "name" : "vda",
      "read_ios" : 0,
      "write_ios" : 40907,
      "read_sectors" : 0,
      "write_sectors" : 41887896,
      "read_merges" : 0,
      "write_merges" : 1035,
      "read_ticks" : 0,
      "write_ticks" : 231088,
      "in_queue" : 231211,
      "util" : 87.112387
    }
  ]
}
