{
  "fio version" : "fio-3.36",
  "timestamp" : 1772958605,
  "timestamp_ms" : 1772958605236,
  "time" : "Sun Mar  8 08:30:05 2026",
  "jobs" : [
    {
      "jobname" : "seq_write_r1",
      "groupid" : 0,
      "job_start" : 1772958575204,
      "error" : 0,
      "eta" : 0,
      "elapsed" : 31,
      "job options" : {
        "name" : "seq_write_r1",
        "directory" : "/tmp/aisp_fio_2026-03-08_localhost_modern_profile_r32_full20b_localhost",
        "ioengine" : "libaio",
        "direct" : "1",
        "rw" : "write",
        "bs" : "1M",
        "size" : "8G",
        "numjobs" : "4",
        "runtime" : "30",
        "unlink" : "1"
      },
      "read" : {
        "io_bytes" : 0,
        "io_kbytes" : 0,
        "bw_bytes" : 0,
        "bw" : 0,
        "iops" : 0.000000,
        "runtime" : 0,
        "total_ios" : 0,
        "short_ios" : 0,
        "drop_ios" : 0,
        "slat_ns" : {
          "min" : 0,
          "max" : 0,
          "mean" : 0.000000,
          "stddev" : 0.000000,
          "N" : 0
        },
        "clat_ns" : {
          "min" : 0,
          "max" : 0,
          "mean" : 0.000000,
          "stddev" : 0.000000,
          "N" : 0
        },
        "lat_ns" : {
          "min" : 0,
          "max" : 0,
          "mean" : 0.000000,
          "stddev" : 0.000000,
          "N" : 0
        },
        "bw_min" : 0,
        "bw_max" : 0,
        "bw_agg" : 0.000000,
        "bw_mean" : 0.000000,
        "bw_dev" : 0.000000,
        "bw_samples" : 0,
        "iops_min" : 0,
        "iops_max" : 0,
        "iops_mean" : 0.000000,
        "iops_stddev" : 0.000000,
        "iops_samples" : 0
      },
      "write" : {
        "io_bytes" : 21803040768,
        "io_kbytes" : 21292032,
        "bw_bytes" : 726671136,
        "bw" : 709639,
        "iops" : 693.007599,
        "runtime" : 30004,
        "total_ios" : 20793,
        "short_ios" : 0,
        "drop_ios" : 0,
        "slat_ns" : {
          "min" : 41098,
          "max" : 294743,
          "mean" : 124573.406339,
          "stddev" : 18807.673342,
          "N" : 20793
        },
        "clat_ns" : {
          "min" : 3502429,
          "max" : 64930872,
          "mean" : 5640265.773193,
          "stddev" : 1210635.516293,
          "N" : 20793,
          "percentile" : {
            "1.000000" : 4145152,
            "5.000000" : 4423680,
            "10.000000" : 4620288,
            "20.000000" : 4882432,
            "30.000000" : 5079040,
            "40.000000" : 5341184,
            "50.000000" : 5537792,
            "60.000000" : 5734400,
            "70.000000" : 5931008,
            "80.000000" : 6258688,
            "90.000000" : 6651904,
            "95.000000" : 7110656,
            "99.000000" : 8585216,
            "99.500000" : 9895936,
            "99.900000" : 16449536,
            "99.950000" : 26869760,
            "99.990000" : 33161216
          }
        },
        "lat_ns" : {
          "min" : 3619687,
          "max" : 65045126,
          "mean" : 5764839.179532,
          "stddev" : 1211072.205058,
          "N" : 20793
        },
        "bw_min" : 610304,
        "bw_max" : 749568,
        "bw_agg" : 100.000000,
        "bw_mean" : 710170.033898,
        "bw_dev" : 5732.933263,
        "bw_samples" : 236,
        "iops_min" : 596,
        "iops_max" : 732,
        "iops_mean" : 693.525424,
        "iops_stddev" : 5.598568,
        "iops_samples" : 236
      },
      "trim" : {
        "io_bytes" : 0,
        "io_kbytes" : 0,
        "bw_bytes" : 0,
        "bw" : 0,
        "iops" : 0.000000,
        "runtime" : 0,
        "total_ios" : 0,
        "short_ios" : 0,
        "drop_ios" : 0,
        "slat_ns" : {
          "min" : 0,
          "max" : 0,
          "mean" : 0.000000,
          "stddev" : 0.000000,
          "N" : 0
        },
        "clat_ns" : {
          "min" : 0,
          "max" : 0,
          "mean" : 0.000000,
          "stddev" : 0.000000,
          "N" : 0
        },
        "lat_ns" : {
          "min" : 0,
          "max" : 0,
          "mean" : 0.000000,
          "stddev" : 0.000000,
          "N" : 0
        },
        "bw_min" : 0,
        "bw_max" : 0,
        "bw_agg" : 0.000000,
        "bw_mean" : 0.000000,
        "bw_dev" : 0.000000,
        "bw_samples" : 0,
        "iops_min" : 0,
        "iops_max" : 0,
        "iops_mean" : 0.000000,
        "iops_stddev" : 0.000000,
        "iops_samples" : 0
      },
      "sync" : {
        "total_ios" : 0,
        "lat_ns" : {
          "min" : 0,
          "max" : 0,
          "mean" : 0.000000,
          "stddev" : 0.000000,
          "N" : 0
        }
      },
      "job_runtime" : 120007,
      "usr_cpu" : 1.197430,
      "sys_cpu" : 1.447416,
      "ctx" : 20798,
      "majf" : 0,
      "minf" : 53,
      "iodepth_level" : {
        "1" : 100.000000,
        "2" : 0.000000,
        "4" : 0.000000,
        "8" : 0.000000,
        "16" : 0.000000,
        "32" : 0.000000,
        ">=64" : 0.000000
      },
      "iodepth_submit" : {
        "0" : 0.000000,
        "4" : 100.000000,
        "8" : 0.000000,
        "16" : 0.000000,
        "32" : 0.000000,
        "64" : 0.000000,
        ">=64" : 0.000000
      },
      "iodepth_complete" : {
        "0" : 0.000000,
        "4" : 100.000000,
        "8" : 0.000000,
        "16" : 0.000000,
        "32" : 0.000000,
        "64" : 0.000000,
        ">=64" : 0.000000
      },
      "latency_ns" : {
        "2" : 0.000000,
        "4" : 0.000000,
        "10" : 0.000000,
        "20" : 0.000000,
        "50" : 0.000000,
        "100" : 0.000000,
        "250" : 0.000000,
        "500" : 0.000000,
        "750" : 0.000000,
        "1000" : 0.000000
      },
      "latency_us" : {
        "2" : 0.000000,
        "4" : 0.000000,
        "10" : 0.000000,
        "20" : 0.000000,
        "50" : 0.000000,
        "100" : 0.000000,
        "250" : 0.000000,
        "500" : 0.000000,
        "750" : 0.000000,
        "1000" : 0.000000
      },
      "latency_ms" : {
        "2" : 0.000000,
        "4" : 0.418410,
        "10" : 99.134324,
        "20" : 0.375126,
        "50" : 0.062521,
        "100" : 0.010000,
        "250" : 0.000000,
        "500" : 0.000000,
        "750" : 0.000000,
        "1000" : 0.000000,
        "2000" : 0.000000,
        ">=2000" : 0.000000
      },
      "latency_depth" : 1,
      "latency_target" : 0,
      "latency_percentile" : 100.000000,
      "latency_window" : 0
    }
  ],
  "disk_util" : [
    {
      "name" : "vda",
      "read_ios" : 0,
      "write_ios" : 31133,
      "read_sectors" : 0,
      "write_sectors" : 42411632,
      "read_merges" : 0,
      "write_merges" : 571,
      "read_ticks" : 0,
      "write_ticks" : 173954,
      "in_queue" : 173987,
      "util" : 85.414789
    }
  ]
}
