{
  "fio version" : "fio-3.36",
  "timestamp" : 1772958805,
  "timestamp_ms" : 1772958805138,
  "time" : "Sun Mar  8 08:33:25 2026",
  "jobs" : [
    {
      "jobname" : "seq_write_r2",
      "groupid" : 0,
      "job_start" : 1772958775098,
      "error" : 0,
      "eta" : 0,
      "elapsed" : 31,
      "job options" : {
        "name" : "seq_write_r2",
        "directory" : "/tmp/aisp_fio_2026-03-08_localhost_modern_profile_r32_full20b_localhost",
        "ioengine" : "libaio",
        "direct" : "1",
        "rw" : "write",
        "bs" : "1M",
        "size" : "8G",
        "numjobs" : "4",
        "runtime" : "30",
        "unlink" : "1"
      },
      "read" : {
        "io_bytes" : 0,
        "io_kbytes" : 0,
        "bw_bytes" : 0,
        "bw" : 0,
        "iops" : 0.000000,
        "runtime" : 0,
        "total_ios" : 0,
        "short_ios" : 0,
        "drop_ios" : 0,
        "slat_ns" : {
          "min" : 0,
          "max" : 0,
          "mean" : 0.000000,
          "stddev" : 0.000000,
          "N" : 0
        },
        "clat_ns" : {
          "min" : 0,
          "max" : 0,
          "mean" : 0.000000,
          "stddev" : 0.000000,
          "N" : 0
        },
        "lat_ns" : {
          "min" : 0,
          "max" : 0,
          "mean" : 0.000000,
          "stddev" : 0.000000,
          "N" : 0
        },
        "bw_min" : 0,
        "bw_max" : 0,
        "bw_agg" : 0.000000,
        "bw_mean" : 0.000000,
        "bw_dev" : 0.000000,
        "bw_samples" : 0,
        "iops_min" : 0,
        "iops_max" : 0,
        "iops_mean" : 0.000000,
        "iops_stddev" : 0.000000,
        "iops_samples" : 0
      },
      "write" : {
        "io_bytes" : 21608005632,
        "io_kbytes" : 21101568,
        "bw_bytes" : 720146829,
        "bw" : 703268,
        "iops" : 686.785536,
        "runtime" : 30005,
        "total_ios" : 20607,
        "short_ios" : 0,
        "drop_ios" : 0,
        "slat_ns" : {
          "min" : 46082,
          "max" : 39352910,
          "mean" : 126723.976076,
          "stddev" : 273995.430946,
          "N" : 20607
        },
        "clat_ns" : {
          "min" : 3366427,
          "max" : 222046791,
          "mean" : 5690410.508711,
          "stddev" : 2980150.685662,
          "N" : 20607,
          "percentile" : {
            "1.000000" : 3981312,
            "5.000000" : 4358144,
            "10.000000" : 4554752,
            "20.000000" : 4816896,
            "30.000000" : 5013504,
            "40.000000" : 5275648,
            "50.000000" : 5472256,
            "60.000000" : 5734400,
            "70.000000" : 5996544,
            "80.000000" : 6258688,
            "90.000000" : 6848512,
            "95.000000" : 7438336,
            "99.000000" : 9371648,
            "99.500000" : 10551296,
            "99.900000" : 16318464,
            "99.950000" : 27131904,
            "99.990000" : 212860928
          }
        },
        "lat_ns" : {
          "min" : 3472365,
          "max" : 222162722,
          "mean" : 5817134.484787,
          "stddev" : 2993270.962096,
          "N" : 20607
        },
        "bw_min" : 563200,
        "bw_max" : 763904,
        "bw_agg" : 100.000000,
        "bw_mean" : 704060.745763,
        "bw_dev" : 9845.534785,
        "bw_samples" : 236,
        "iops_min" : 550,
        "iops_max" : 746,
        "iops_mean" : 687.559322,
        "iops_stddev" : 9.614780,
        "iops_samples" : 236
      },
      "trim" : {
        "io_bytes" : 0,
        "io_kbytes" : 0,
        "bw_bytes" : 0,
        "bw" : 0,
        "iops" : 0.000000,
        "runtime" : 0,
        "total_ios" : 0,
        "short_ios" : 0,
        "drop_ios" : 0,
        "slat_ns" : {
          "min" : 0,
          "max" : 0,
          "mean" : 0.000000,
          "stddev" : 0.000000,
          "N" : 0
        },
        "clat_ns" : {
          "min" : 0,
          "max" : 0,
          "mean" : 0.000000,
          "stddev" : 0.000000,
          "N" : 0
        },
        "lat_ns" : {
          "min" : 0,
          "max" : 0,
          "mean" : 0.000000,
          "stddev" : 0.000000,
          "N" : 0
        },
        "bw_min" : 0,
        "bw_max" : 0,
        "bw_agg" : 0.000000,
        "bw_mean" : 0.000000,
        "bw_dev" : 0.000000,
        "bw_samples" : 0,
        "iops_min" : 0,
        "iops_max" : 0,
        "iops_mean" : 0.000000,
        "iops_stddev" : 0.000000,
        "iops_samples" : 0
      },
      "sync" : {
        "total_ios" : 0,
        "lat_ns" : {
          "min" : 0,
          "max" : 0,
          "mean" : 0.000000,
          "stddev" : 0.000000,
          "N" : 0
        }
      },
      "job_runtime" : 120007,
      "usr_cpu" : 0.977443,
      "sys_cpu" : 1.620739,
      "ctx" : 20619,
      "majf" : 0,
      "minf" : 59,
      "iodepth_level" : {
        "1" : 100.000000,
        "2" : 0.000000,
        "4" : 0.000000,
        "8" : 0.000000,
        "16" : 0.000000,
        "32" : 0.000000,
        ">=64" : 0.000000
      },
      "iodepth_submit" : {
        "0" : 0.000000,
        "4" : 100.000000,
        "8" : 0.000000,
        "16" : 0.000000,
        "32" : 0.000000,
        "64" : 0.000000,
        ">=64" : 0.000000
      },
      "iodepth_complete" : {
        "0" : 0.000000,
        "4" : 100.000000,
        "8" : 0.000000,
        "16" : 0.000000,
        "32" : 0.000000,
        "64" : 0.000000,
        ">=64" : 0.000000
      },
      "latency_ns" : {
        "2" : 0.000000,
        "4" : 0.000000,
        "10" : 0.000000,
        "20" : 0.000000,
        "50" : 0.000000,
        "100" : 0.000000,
        "250" : 0.000000,
        "500" : 0.000000,
        "750" : 0.000000,
        "1000" : 0.000000
      },
      "latency_us" : {
        "2" : 0.000000,
        "4" : 0.000000,
        "10" : 0.000000,
        "20" : 0.000000,
        "50" : 0.000000,
        "100" : 0.000000,
        "250" : 0.000000,
        "500" : 0.000000,
        "750" : 0.000000,
        "1000" : 0.000000
      },
      "latency_ms" : {
        "2" : 0.000000,
        "4" : 1.028777,
        "10" : 98.272432,
        "20" : 0.621148,
        "50" : 0.053380,
        "100" : 0.010000,
        "250" : 0.019411,
        "500" : 0.000000,
        "750" : 0.000000,
        "1000" : 0.000000,
        "2000" : 0.000000,
        ">=2000" : 0.000000
      },
      "latency_depth" : 1,
      "latency_target" : 0,
      "latency_percentile" : 100.000000,
      "latency_window" : 0
    }
  ],
  "disk_util" : [
    {
      "name" : "vda",
      "read_ios" : 0,
      "write_ios" : 41093,
      "read_sectors" : 0,
      "write_sectors" : 42040040,
      "read_merges" : 0,
      "write_merges" : 1038,
      "read_ticks" : 0,
      "write_ticks" : 231108,
      "in_queue" : 231223,
      "util" : 88.085859
    }
  ]
}
