{
  "fio version" : "fio-3.36",
  "timestamp" : 1772958872,
  "timestamp_ms" : 1772958872308,
  "time" : "Sun Mar  8 08:34:32 2026",
  "jobs" : [
    {
      "jobname" : "seq_read_r2",
      "groupid" : 0,
      "job_start" : 1772958842280,
      "error" : 0,
      "eta" : 0,
      "elapsed" : 31,
      "job options" : {
        "name" : "seq_read_r2",
        "directory" : "/tmp/aisp_fio_2026-03-08_localhost_modern_profile_r32_full20b_localhost",
        "ioengine" : "libaio",
        "direct" : "1",
        "rw" : "read",
        "bs" : "1M",
        "size" : "8G",
        "numjobs" : "4",
        "runtime" : "30",
        "unlink" : "1"
      },
      "read" : {
        "io_bytes" : 47761588224,
        "io_kbytes" : 46642176,
        "bw_bytes" : 1591946811,
        "bw" : 1554635,
        "iops" : 1518.198787,
        "runtime" : 30002,
        "total_ios" : 45549,
        "short_ios" : 0,
        "drop_ios" : 0,
        "slat_ns" : {
          "min" : 18422,
          "max" : 869646,
          "mean" : 49505.357066,
          "stddev" : 13885.028577,
          "N" : 45549
        },
        "clat_ns" : {
          "min" : 990678,
          "max" : 29512444,
          "mean" : 2580874.496169,
          "stddev" : 599097.464803,
          "N" : 45549,
          "percentile" : {
            "1.000000" : 1368064,
            "5.000000" : 1728512,
            "10.000000" : 2039808,
            "20.000000" : 2211840,
            "30.000000" : 2342912,
            "40.000000" : 2441216,
            "50.000000" : 2539520,
            "60.000000" : 2637824,
            "70.000000" : 2768896,
            "80.000000" : 2932736,
            "90.000000" : 3162112,
            "95.000000" : 3424256,
            "99.000000" : 4079616,
            "99.500000" : 4554752,
            "99.900000" : 6062080,
            "99.950000" : 7700480,
            "99.990000" : 25034752
          }
        },
        "lat_ns" : {
          "min" : 1023463,
          "max" : 29559872,
          "mean" : 2630379.853235,
          "stddev" : 600822.507466,
          "N" : 45549
        },
        "bw_min" : 1359872,
        "bw_max" : 1855488,
        "bw_agg" : 99.876077,
        "bw_mean" : 1552709.813559,
        "bw_dev" : 29309.179209,
        "bw_samples" : 236,
        "iops_min" : 1328,
        "iops_max" : 1812,
        "iops_mean" : 1516.305085,
        "iops_stddev" : 28.619891,
        "iops_samples" : 236
      },
      "write" : {
        "io_bytes" : 0,
        "io_kbytes" : 0,
        "bw_bytes" : 0,
        "bw" : 0,
        "iops" : 0.000000,
        "runtime" : 0,
        "total_ios" : 0,
        "short_ios" : 0,
        "drop_ios" : 0,
        "slat_ns" : {
          "min" : 0,
          "max" : 0,
          "mean" : 0.000000,
          "stddev" : 0.000000,
          "N" : 0
        },
        "clat_ns" : {
          "min" : 0,
          "max" : 0,
          "mean" : 0.000000,
          "stddev" : 0.000000,
          "N" : 0
        },
        "lat_ns" : {
          "min" : 0,
          "max" : 0,
          "mean" : 0.000000,
          "stddev" : 0.000000,
          "N" : 0
        },
        "bw_min" : 0,
        "bw_max" : 0,
        "bw_agg" : 0.000000,
        "bw_mean" : 0.000000,
        "bw_dev" : 0.000000,
        "bw_samples" : 0,
        "iops_min" : 0,
        "iops_max" : 0,
        "iops_mean" : 0.000000,
        "iops_stddev" : 0.000000,
        "iops_samples" : 0
      },
      "trim" : {
        "io_bytes" : 0,
        "io_kbytes" : 0,
        "bw_bytes" : 0,
        "bw" : 0,
        "iops" : 0.000000,
        "runtime" : 0,
        "total_ios" : 0,
        "short_ios" : 0,
        "drop_ios" : 0,
        "slat_ns" : {
          "min" : 0,
          "max" : 0,
          "mean" : 0.000000,
          "stddev" : 0.000000,
          "N" : 0
        },
        "clat_ns" : {
          "min" : 0,
          "max" : 0,
          "mean" : 0.000000,
          "stddev" : 0.000000,
          "N" : 0
        },
        "lat_ns" : {
          "min" : 0,
          "max" : 0,
          "mean" : 0.000000,
          "stddev" : 0.000000,
          "N" : 0
        },
        "bw_min" : 0,
        "bw_max" : 0,
        "bw_agg" : 0.000000,
        "bw_mean" : 0.000000,
        "bw_dev" : 0.000000,
        "bw_samples" : 0,
        "iops_min" : 0,
        "iops_max" : 0,
        "iops_mean" : 0.000000,
        "iops_stddev" : 0.000000,
        "iops_samples" : 0
      },
      "sync" : {
        "total_ios" : 0,
        "lat_ns" : {
          "min" : 0,
          "max" : 0,
          "mean" : 0.000000,
          "stddev" : 0.000000,
          "N" : 0
        }
      },
      "job_runtime" : 120002,
      "usr_cpu" : 0.650822,
      "sys_cpu" : 2.847453,
      "ctx" : 45565,
      "majf" : 0,
      "minf" : 1071,
      "iodepth_level" : {
        "1" : 100.000000,
        "2" : 0.000000,
        "4" : 0.000000,
        "8" : 0.000000,
        "16" : 0.000000,
        "32" : 0.000000,
        ">=64" : 0.000000
      },
      "iodepth_submit" : {
        "0" : 0.000000,
        "4" : 100.000000,
        "8" : 0.000000,
        "16" : 0.000000,
        "32" : 0.000000,
        "64" : 0.000000,
        ">=64" : 0.000000
      },
      "iodepth_complete" : {
        "0" : 0.000000,
        "4" : 100.000000,
        "8" : 0.000000,
        "16" : 0.000000,
        "32" : 0.000000,
        "64" : 0.000000,
        ">=64" : 0.000000
      },
      "latency_ns" : {
        "2" : 0.000000,
        "4" : 0.000000,
        "10" : 0.000000,
        "20" : 0.000000,
        "50" : 0.000000,
        "100" : 0.000000,
        "250" : 0.000000,
        "500" : 0.000000,
        "750" : 0.000000,
        "1000" : 0.000000
      },
      "latency_us" : {
        "2" : 0.000000,
        "4" : 0.000000,
        "10" : 0.000000,
        "20" : 0.000000,
        "50" : 0.000000,
        "100" : 0.000000,
        "250" : 0.000000,
        "500" : 0.000000,
        "750" : 0.000000,
        "1000" : 0.010000
      },
      "latency_ms" : {
        "2" : 8.902501,
        "4" : 89.949285,
        "10" : 1.119673,
        "20" : 0.013173,
        "50" : 0.013173,
        "100" : 0.000000,
        "250" : 0.000000,
        "500" : 0.000000,
        "750" : 0.000000,
        "1000" : 0.000000,
        "2000" : 0.000000,
        ">=2000" : 0.000000
      },
      "latency_depth" : 1,
      "latency_target" : 0,
      "latency_percentile" : 100.000000,
      "latency_window" : 0
    }
  ],
  "disk_util" : [
    {
      "name" : "vda",
      "read_ios" : 90910,
      "write_ios" : 115,
      "read_sectors" : 93091840,
      "write_sectors" : 2136,
      "read_merges" : 0,
      "write_merges" : 134,
      "read_ticks" : 233402,
      "write_ticks" : 254,
      "in_queue" : 233659,
      "util" : 90.336652
    }
  ]
}
